,id,score
0,2902676,1.0
1,3903,1.0
2,2907317,1.0
3,23982,1.0
4,2928252,1.0
5,2946379,1.0
6,1228791,1.0
7,44041,1.0
8,44217,1.0
9,60142,1.0
10,3278926,1.0
11,1655254,1.0
12,1663296,1.0
13,3336519,1.0
14,3353642,1.0
15,3361582,1.0
16,1729392,1.0
17,2088490,1.0
18,3681201,1.0
19,3692876,1.0
20,3713066,1.0
21,2138097,1.0
22,992270,1.0
23,340034,1.0
24,1545039,1.0
25,3219906,1.0
26,360730,1.0
27,1553380,1.0
28,1559776,1.0
29,1561218,1.0
30,1563287,1.0
31,378708,1.0
32,381776,1.0
33,1568034,1.0
34,394008,1.0
35,397400,1.0
36,406368,1.0
37,408629,1.0
38,409995,1.0
39,421172,1.0
40,1628420,1.0
41,1990128,1.0
42,3461611,1.0
43,3578621,1.0
44,893904,1.0
45,925887,1.0
46,2710606,1.0
47,2715411,1.0
48,2843435,1.0
49,8435954,1.0
50,1752168,1.0
51,3374670,1.0
52,2507851,1.0
53,2515186,1.0
54,2662109,1.0
55,3102570,1.0
56,2504326,1.0
57,2560146,1.0
58,1720556,1.0
59,1786415,1.0
60,2316603,1.0
61,2379800,1.0
62,2420857,1.0
63,3533090,1.0
64,2594085,1.0
65,605560,1.0
66,1748553,1.0
67,1749994,1.0
68,3371564,1.0
69,1754632,1.0
70,1774031,1.0
71,1799638,1.0
72,687787,1.0
73,3437956,1.0
74,713910,1.0
75,1832755,1.0
76,1848420,1.0
77,747016,1.0
78,748314,1.0
79,752319,1.0
80,764676,1.0
81,773942,1.0
82,810487,1.0
83,1953556,1.0
84,1961178,1.0
85,3531556,1.0
86,851201,1.0
87,1194633,1.0
88,1205582,1.0
89,2935421,1.0
90,592343,1.0
91,1890969,1.0
92,375320,1.0
93,398879,1.0
94,2321732,1.0
95,2823431,1.0
96,949887,1.0
97,986550,1.0
98,1046115,1.0
99,2274169,1.0
100,813924,1.0
101,3655175,1.0
102,3685122,1.0
103,2208389,1.0
104,1072790,1.0
105,1116056,1.0
106,1117573,1.0
107,2389556,1.0
108,1523655,1.0
109,357411,1.0
110,2941769,1.0
111,3410830,1.0
112,689579,1.0
113,719630,1.0
114,3153052,1.0
115,275539,1.0
116,1482483,1.0
117,3173177,1.0
118,1509005,1.0
119,341272,1.0
120,419608,1.0
121,471312,1.0
122,2320686,1.0
123,2144652,1.0
124,2233541,1.0
125,1744298,1.0
126,503267,1.0
127,1674660,1.0
128,623797,1.0
129,647647,1.0
130,2345271,1.0
131,2391385,1.0
132,2400625,1.0
133,2448601,1.0
134,2450041,1.0
135,2469342,1.0
136,2476142,1.0
137,2490894,1.0
138,2520816,1.0
139,1909401,1.0
140,994568,1.0
141,1457456,1.0
142,263418,1.0
143,3186763,1.0
144,315013,1.0
145,371927,1.0
146,378551,1.0
147,429639,1.0
148,2870873,1.0
149,3482397,1.0
150,1306432,1.0
151,3024182,1.0
152,3072170,1.0
153,57033,1.0
154,1177822,0.9999
155,1088,0.9999
156,1180729,0.9999
157,1180992,0.9999
158,4464,0.9999
159,1185349,0.9999
160,2907211,0.9999
161,2907538,0.9999
162,1194020,0.9999
163,1196920,0.9999
164,23538,0.9999
165,1210820,0.9999
166,2937337,0.9999
167,2940137,0.9999
168,1223322,0.9999
169,36957,0.9999
170,1240629,0.9999
171,2952104,0.9999
172,2952758,0.9999
173,65191,0.9999
174,1632775,0.9999
175,473773,0.9999
176,1639882,0.9999
177,3286712,0.9999
178,490804,0.9999
179,1652230,0.9999
180,1658846,0.9999
181,1663050,0.9999
182,1661508,0.9999
183,1672248,0.9999
184,1675681,0.9999
185,546775,0.9999
186,1692510,0.9999
187,1700698,0.9999
188,565537,0.9999
189,3353432,0.9999
190,592542,0.9999
191,2075578,0.9999
192,3648638,0.9999
193,3660417,0.9999
194,3667233,0.9999
195,3678918,0.9999
196,957922,0.9999
197,958730,0.9999
198,974013,0.9999
199,974376,0.9999
200,2128252,0.9999
201,2133881,0.9999
202,995700,0.9999
203,1538593,0.9999
204,354235,0.9999
205,1554270,0.9999
206,1569242,0.9999
207,389531,0.9999
208,1574558,0.9999
209,1577930,0.9999
210,1589678,0.9999
211,413052,0.9999
212,1601301,0.9999
213,453357,0.9999
214,1621302,0.9999
215,842474,0.9999
216,3531480,0.9999
217,1976510,0.9999
218,1981893,0.9999
219,3538810,0.9999
220,1983347,0.9999
221,1986767,0.9999
222,857635,0.9999
223,3558664,0.9999
224,1996280,0.9999
225,1001127,0.9999
226,1008026,0.9999
227,1013975,0.9999
228,3716297,0.9999
229,8579844,0.9999
230,85696,0.9999
231,108752,0.9999
232,1327645,0.9999
233,700104,0.9999
234,722784,0.9999
235,3572748,0.9999
236,2018365,0.9999
237,889659,0.9999
238,3596265,0.9999
239,2031567,0.9999
240,3600186,0.9999
241,3613977,0.9999
242,3617538,0.9999
243,3635087,0.9999
244,2711232,0.9999
245,2714378,0.9999
246,2717462,0.9999
247,2727430,0.9999
248,2744891,0.9999
249,2764653,0.9999
250,2796820,0.9999
251,2804136,0.9999
252,2810899,0.9999
253,2811681,0.9999
254,2811869,0.9999
255,2815223,0.9999
256,2826651,0.9999
257,2839767,0.9999
258,2847375,0.9999
259,2852550,0.9999
260,2852619,0.9999
261,2864380,0.9999
262,2871568,0.9999
263,2871562,0.9999
264,1656259,0.9999
265,554574,0.9999
266,1745280,0.9999
267,1764580,0.9999
268,2422254,0.9999
269,2437065,0.9999
270,740009,0.9999
271,752892,0.9999
272,777518,0.9999
273,3494578,0.9999
274,815343,0.9999
275,3511845,0.9999
276,2019344,0.9999
277,2902193,0.9999
278,2927622,0.9999
279,2957653,0.9999
280,1258919,0.9999
281,89294,0.9999
282,3036677,0.9999
283,1352645,0.9999
284,2461349,0.9999
285,2485809,0.9999
286,2614427,0.9999
287,2631231,0.9999
288,2656115,0.9999
289,2891141,0.9999
290,3734230,0.9999
291,3742067,0.9999
292,1052042,0.9999
293,2217749,0.9999
294,1095098,0.9999
295,1427852,0.9999
296,1453792,0.9999
297,260779,0.9999
298,1459457,0.9999
299,2441979,0.9999
300,2444144,0.9999
301,2444495,0.9999
302,2472232,0.9999
303,2542319,0.9999
304,2841892,0.9999
305,2884125,0.9999
306,2908187,0.9999
307,1815218,0.9999
308,701856,0.9999
309,1896650,0.9999
310,786901,0.9999
311,1909416,0.9999
312,3477155,0.9999
313,820935,0.9999
314,3547896,0.9999
315,889070,0.9999
316,8631112,0.9999
317,8631747,0.9999
318,1108237,0.9999
319,446689,0.9999
320,1622997,0.9999
321,606625,0.9999
322,618064,0.9999
323,1770593,0.9999
324,1771323,0.9999
325,1794087,0.9999
326,1795941,0.9999
327,3419714,0.9999
328,2469581,0.9999
329,2564807,0.9999
330,2598854,0.9999
331,2655414,0.9999
332,2681773,0.9999
333,2746619,0.9999
334,2863811,0.9999
335,8466867,0.9999
336,1229641,0.9999
337,654305,0.9999
338,752842,0.9999
339,2311602,0.9999
340,2385415,0.9999
341,2428803,0.9999
342,1928399,0.9999
343,3514929,0.9999
344,3515491,0.9999
345,1764499,0.9999
346,669266,0.9999
347,671803,0.9999
348,707540,0.9999
349,1832946,0.9999
350,1841714,0.9999
351,1851453,0.9999
352,1896040,0.9999
353,1930614,0.9999
354,1944292,0.9999
355,822535,0.9999
356,1957649,0.9999
357,1591965,0.9999
358,1592079,0.9999
359,442536,0.9999
360,3310881,0.9999
361,2825279,0.9999
362,3575913,0.9999
363,911114,0.9999
364,1745059,0.9999
365,1838034,0.9999
366,806701,0.9999
367,3225891,0.9999
368,3241588,0.9999
369,1573434,0.9999
370,416725,0.9999
371,1664517,0.9999
372,3310158,0.9999
373,3314002,0.9999
374,2849771,0.9999
375,2880632,0.9999
376,8568441,0.9999
377,1265141,0.9999
378,2977456,0.9999
379,2493383,0.9999
380,2656121,0.9999
381,2668406,0.9999
382,2705955,0.9999
383,2905069,0.9999
384,3669453,0.9999
385,2102092,0.9999
386,1035113,0.9999
387,1058229,0.9999
388,3657748,0.9999
389,1086430,0.9999
390,2391795,0.9999
391,1885540,0.9999
392,787258,0.9999
393,215274,0.9999
394,3092772,0.9999
395,3170721,0.9999
396,356503,0.9999
397,13257,0.9999
398,1227377,0.9999
399,604699,0.9999
400,729438,0.9999
401,1898620,0.9999
402,1915585,0.9999
403,1954487,0.9999
404,2985116,0.9999
405,146255,0.9999
406,159946,0.9999
407,1369157,0.9999
408,86546,0.9999
409,2162749,0.9999
410,2174502,0.9999
411,924329,0.9999
412,3668321,0.9999
413,2141049,0.9999
414,1397901,0.9999
415,2247931,0.9999
416,1517313,0.9999
417,338628,0.9999
418,361311,0.9999
419,1551323,0.9999
420,375391,0.9999
421,375670,0.9999
422,277013,0.9999
423,3192459,0.9999
424,2341667,0.9999
425,2348048,0.9999
426,2774286,0.9999
427,2791292,0.9999
428,3716981,0.9999
429,3733961,0.9999
430,2209694,0.9999
431,3788342,0.9999
432,1103298,0.9999
433,1528027,0.9999
434,345079,0.9999
435,430295,0.9999
436,3345868,0.9999
437,1679212,0.9999
438,1770850,0.9999
439,3410462,0.9999
440,2283953,0.9999
441,1119638,0.9999
442,1149617,0.9999
443,8080891,0.9999
444,2350883,0.9999
445,2366265,0.9999
446,2450633,0.9999
447,2476823,0.9999
448,2527208,0.9999
449,1887800,0.9999
450,1992868,0.9999
451,2028938,0.9999
452,945154,0.9999
453,1816722,0.9999
454,1405649,0.9999
455,217314,0.9999
456,3130127,0.9999
457,3136362,0.9999
458,288721,0.9999
459,292443,0.9999
460,355149,0.9999
461,3229064,0.9999
462,2726272,0.9999
463,2814204,0.9999
464,2905239,0.9999
465,1705070,0.9999
466,762577,0.9999
467,784541,0.9999
468,1923439,0.9999
469,810303,0.9999
470,82783,0.9999
471,1344722,0.9999
472,1240859,0.9999
473,1252036,0.9999
474,2971024,0.9999
475,639191,0.9999
476,664797,0.9999
477,1795659,0.9999
478,1841205,0.9999
479,1845428,0.9999
480,783253,0.9999
481,786598,0.9999
482,1372812,0.9999
483,3083573,0.9999
484,3100576,0.9999
485,1975616,0.9999
486,903097,0.9999
487,903910,0.9999
488,1218113,0.9999
489,37542,0.9999
490,48766,0.9999
491,2508981,0.9998
492,669790,0.9998
493,322762,0.9998
494,8581523,0.9955
495,1149257,0.9955
496,1042490,0.9952
497,2109259,0.9951
498,1584312,0.9946
499,1025650,0.9943
500,28659,0.9941
501,843666,0.9941
502,1960477,0.9941
503,1024587,0.994
504,316908,0.9939
505,2716862,0.9938
506,1873126,0.9938
507,1973473,0.9938
508,458981,0.9937
509,3643698,0.9937
510,532246,0.9937
511,1878319,0.9937
512,3350610,0.9937
513,2363321,0.9936
514,1479515,0.9936
515,3365645,0.9936
516,8622257,0.9935
517,2134535,0.9935
518,2242420,0.9935
519,1059458,0.9935
520,1158778,0.9935
521,1177092,0.9934
522,1967972,0.9934
523,936495,0.9933
524,3085690,0.9933
525,567115,0.9932
526,3382441,0.9932
527,1987906,0.9932
528,1107969,0.9932
529,2711919,0.9931
530,699585,0.9931
531,577036,0.9931
532,3292338,0.993
533,1674800,0.993
534,1832288,0.993
535,3241871,0.993
536,3327469,0.993
537,3440713,0.993
538,449923,0.9929
539,2861871,0.9929
540,3594063,0.9929
541,3023487,0.9929
542,899149,0.9929
543,28913,0.9929
544,3350958,0.9928
545,566975,0.9928
546,2558471,0.9928
547,3675658,0.9928
548,2570302,0.9927
549,1196645,0.9927
550,507370,0.9927
551,1982205,0.9927
552,2454113,0.9926
553,3561049,0.9926
554,2909729,0.9926
555,47812,0.9926
556,2363670,0.9926
557,694649,0.9926
558,3674260,0.9926
559,1400833,0.9926
560,545227,0.9926
561,570081,0.9926
562,3544402,0.9926
563,3571065,0.9926
564,499937,0.9925
565,1231948,0.9925
566,3568464,0.9925
567,2812322,0.9925
568,1150208,0.9925
569,2348419,0.9925
570,1239364,0.9925
571,1486535,0.9924
572,1458976,0.9924
573,2201846,0.9924
574,4212,0.9923
575,864000,0.9923
576,841110,0.9923
577,2247573,0.9923
578,668360,0.9923
579,1041343,0.9923
580,3556981,0.9922
581,105031,0.9922
582,851075,0.9922
583,2077560,0.9922
584,1432766,0.9922
585,298474,0.9922
586,3469347,0.9922
587,3475290,0.9922
588,761856,0.9922
589,2679614,0.9921
590,579013,0.9921
591,3414870,0.9921
592,2012871,0.9921
593,2938557,0.9921
594,2021382,0.9921
595,2677268,0.9921
596,3652206,0.9921
597,3394845,0.9921
598,85052,0.9921
599,573720,0.9921
600,3573161,0.992
601,2927669,0.992
602,756201,0.992
603,2437900,0.992
604,797864,0.992
605,1981814,0.992
606,2807720,0.992
607,281328,0.992
608,96333,0.992
609,95886,0.992
610,464651,0.9919
611,3299594,0.9919
612,2115780,0.9919
613,985875,0.9919
614,2949864,0.9919
615,3488752,0.9919
616,832691,0.9919
617,3254247,0.9919
618,2971892,0.9919
619,748219,0.9918
620,1924147,0.9918
621,840898,0.9918
622,2585784,0.9918
623,899285,0.9918
624,2636167,0.9918
625,2127336,0.9918
626,1566988,0.9918
627,3695000,0.9917
628,2010613,0.9917
629,1997654,0.9917
630,1866530,0.9917
631,126426,0.9917
632,2112462,0.9917
633,444130,0.9917
634,3467319,0.9917
635,1592565,0.9917
636,997565,0.9916
637,2153813,0.9916
638,924343,0.9916
639,182292,0.9916
640,2061348,0.9916
641,1311402,0.9916
642,1192840,0.9915
643,856006,0.9915
644,3760143,0.9915
645,2993505,0.9915
646,2906275,0.9914
647,1883879,0.9914
648,923139,0.9913
649,594624,0.9913
650,1181139,0.9913
651,255464,0.9913
652,2486950,0.9913
653,656359,0.9912
654,2529759,0.9912
655,3390552,0.9912
656,3585116,0.9912
657,3729778,0.9911
658,1654635,0.991
659,511091,0.991
660,3227735,0.991
661,1987643,0.991
662,181872,0.991
663,987558,0.991
664,44190,0.9909
665,391282,0.9909
666,2817316,0.9909
667,2884001,0.9909
668,540534,0.9909
669,2110407,0.9909
670,2115067,0.9908
671,3022356,0.9908
672,1271787,0.9907
673,3701883,0.9906
674,3356071,0.9906
675,280399,0.9906
676,431918,0.9905
677,2848997,0.9905
678,776615,0.9904
679,2606951,0.9901
680,2174075,0.9901
681,3023790,0.9901
682,867677,0.99
683,407701,0.99
684,746691,0.99
685,1972965,0.9899
686,1985311,0.9898
687,650076,0.9897
688,2273954,0.9896
689,377752,0.9894
690,3425331,0.9894
691,3513744,0.9892
692,3574917,0.989
693,3245139,0.9889
694,78553,0.9889
695,8502160,0.9886
696,2718783,0.9884
697,2534980,0.9884
698,2722402,0.9883
699,2192110,0.9883
700,1179560,0.9882
701,983946,0.9878
702,3216712,0.9871
703,1334033,0.9871
704,371845,0.9866
705,1586574,0.9864
706,2436396,0.9859
707,854604,0.9858
708,1410399,0.9854
709,1881165,0.985
710,2391295,0.9848
711,813103,0.9848
712,3511844,0.9846
713,2076494,0.9844
714,8596148,0.9844
715,2842386,0.984
716,1590470,0.9839
717,986026,0.9833
718,2900441,0.9833
719,36398,0.9831
720,387472,0.983
721,2438967,0.983
722,3460445,0.9829
723,2801881,0.9827
724,2355077,0.9827
725,497874,0.9825
726,3381737,0.9825
727,773913,0.9822
728,3678622,0.9821
729,370294,0.9819
730,463842,0.9818
731,3521881,0.9817
732,2802286,0.9816
733,3668997,0.9816
734,786583,0.9815
735,1758949,0.9814
736,2436514,0.9814
737,662941,0.9814
738,549319,0.9814
739,957233,0.9811
740,786668,0.9811
741,1747970,0.9808
742,1314296,0.9807
743,807481,0.9807
744,1898249,0.9806
745,1609953,0.9805
746,3083761,0.9805
747,557143,0.9804
748,1417713,0.9803
749,1745913,0.9803
750,37365,0.9803
751,1519914,0.9803
752,2981012,0.9803
753,1541614,0.9802
754,2962543,0.9802
755,1793967,0.9798
756,2553580,0.9798
757,3102432,0.9797
758,111237,0.9797
759,1796185,0.9796
760,1674824,0.9795
761,1976181,0.9795
762,17239,0.9793
763,259265,0.9793
764,1595074,0.9793
765,3149317,0.9793
766,1123887,0.9793
767,104030,0.9793
768,2026459,0.9792
769,1281577,0.9792
770,2655235,0.9791
771,638964,0.9791
772,2931359,0.9791
773,1017421,0.979
774,1608225,0.979
775,1807086,0.979
776,3520189,0.979
777,2099103,0.9789
778,3607976,0.9789
779,2818693,0.9788
780,2957660,0.9788
781,81361,0.9788
782,3528615,0.9787
783,2935419,0.9786
784,785874,0.9786
785,551365,0.9786
786,3697806,0.9786
787,474764,0.9786
788,3353699,0.9785
789,588554,0.9785
790,3676506,0.9785
791,2611654,0.9784
792,1197694,0.9784
793,445763,0.9783
794,1696016,0.9783
795,92666,0.9782
796,2853692,0.9782
797,2255868,0.9782
798,1596629,0.9782
799,1596630,0.9782
800,1596631,0.9782
801,1596634,0.9782
802,951924,0.9781
803,835485,0.9781
804,1970547,0.978
805,2409281,0.978
806,2871179,0.978
807,3059973,0.978
808,1403512,0.978
809,2724764,0.9779
810,1078580,0.9779
811,3103239,0.9779
812,3178606,0.9779
813,1528142,0.9779
814,1298020,0.9778
815,2782822,0.9777
816,1974150,0.9777
817,57486,0.9776
818,2875505,0.9776
819,1673609,0.9776
820,48004,0.9776
821,3491102,0.9776
822,2126535,0.9776
823,56900,0.9776
824,2283200,0.9775
825,447587,0.9775
826,2563433,0.9775
827,990983,0.9775
828,3297242,0.9774
829,2437878,0.9774
830,59458,0.9774
831,1009316,0.9773
832,3178684,0.9773
833,1767284,0.9773
834,1188281,0.9772
835,3306847,0.9772
836,2789692,0.9772
837,467321,0.9772
838,2218971,0.9772
839,3235042,0.9772
840,3348485,0.9771
841,3658545,0.9771
842,1566140,0.9771
843,718625,0.977
844,3457207,0.977
845,786788,0.977
846,2570945,0.9769
847,3220641,0.9769
848,656791,0.9769
849,60891,0.9768
850,3389038,0.9768
851,2868161,0.9768
852,1667080,0.9767
853,3450493,0.9767
854,2604388,0.9767
855,3365370,0.9766
856,2780218,0.9766
857,4642341,0.9766
858,2712472,0.9766
859,1190137,0.9766
860,3527149,0.9766
861,653413,0.9766
862,1646332,0.9765
863,228437,0.9765
864,1112962,0.9765
865,522862,0.9764
866,1618114,0.9764
867,2794074,0.9764
868,1891737,0.9764
869,874373,0.9764
870,2983352,0.9764
871,1352051,0.9764
872,999162,0.9764
873,758230,0.9764
874,1243294,0.9764
875,2084845,0.9763
876,1895302,0.9763
877,3025437,0.9763
878,1582055,0.9762
879,1496497,0.9762
880,3358636,0.9762
881,45385,0.9762
882,3236838,0.9761
883,496441,0.9761
884,3581333,0.976
885,2783300,0.976
886,878246,0.976
887,2275275,0.976
888,2343577,0.976
889,2444033,0.976
890,2618052,0.976
891,969809,0.976
892,2359029,0.976
893,563558,0.9759
894,873871,0.9759
895,2803820,0.9759
896,5131724,0.9759
897,176539,0.9759
898,3295881,0.9759
899,1041479,0.9759
900,1614612,0.9758
901,2052189,0.9758
902,2709382,0.9758
903,2879493,0.9758
904,1414509,0.9758
905,3472626,0.9758
906,1904708,0.9757
907,3425916,0.9757
908,1211030,0.9757
909,408860,0.9756
910,1593557,0.9756
911,2284960,0.9756
912,2864146,0.9756
913,698156,0.9756
914,360722,0.9755
915,883485,0.9755
916,1750611,0.9755
917,2583020,0.9755
918,1933607,0.9755
919,11400,0.9754
920,2472748,0.9754
921,2341838,0.9754
922,980056,0.9754
923,3716863,0.9753
924,1934499,0.9753
925,2687217,0.9753
926,3578521,0.9751
927,3269236,0.975
928,3450826,0.975
929,2762493,0.975
930,3030227,0.9749
931,1717435,0.9748
932,2080823,0.9748
933,1241425,0.9748
934,2492645,0.9748
935,18993,0.9748
936,3675745,0.9747
937,1878985,0.9747
938,1792718,0.9746
939,2941761,0.9745
940,2642606,0.9745
941,3612784,0.9745
942,940637,0.9744
943,2392995,0.9744
944,3739588,0.9744
945,1702602,0.9743
946,435488,0.9743
947,2014238,0.9743
948,1252411,0.9743
949,1754300,0.9742
950,3409241,0.9742
951,3580765,0.9741
952,3131071,0.9741
953,3020196,0.974
954,1975298,0.9739
955,3571259,0.9739
956,2547284,0.9739
957,962402,0.9738
958,691971,0.9738
959,2858129,0.9737
960,3633500,0.9737
961,1733,0.9736
962,885604,0.9736
963,2930446,0.9735
964,1700611,0.9734
965,40259,0.9733
966,2689815,0.9732
967,2490369,0.9732
968,1544257,0.9731
969,3714265,0.9731
970,522595,0.973
971,425755,0.973
972,841308,0.973
973,1652430,0.9729
974,2707433,0.9729
975,1701507,0.9728
976,3683810,0.9728
977,3422050,0.9728
978,1693499,0.9728
979,3256504,0.9727
980,2849877,0.9727
981,3582403,0.9727
982,1191278,0.9725
983,3533360,0.9723
984,3573648,0.9723
985,2759204,0.9721
986,2131737,0.972
987,1191115,0.9719
988,315183,0.9718
989,609523,0.9717
990,3500388,0.9714
991,1907171,0.9711
992,2937245,0.971
993,1294748,0.9709
994,2834461,0.9708
995,723909,0.9706
996,2207611,0.9705
997,3557441,0.9703
998,3287449,0.9703
999,1541704,0.97
1000,2137116,0.9695
1001,2932108,0.9692
1002,590714,0.969
1003,2529510,0.9685
1004,3479273,0.9685
1005,1907503,0.9684
1006,3039615,0.9679
1007,698783,0.9677
1008,38716,0.9675
1009,2437163,0.9671
1010,988427,0.9667
1011,598175,0.9665
1012,3324364,0.9664
1013,2227805,0.9664
1014,2521357,0.9661
1015,3413089,0.966
1016,2974303,0.9658
1017,1780083,0.9658
1018,2935703,0.9652
1019,857700,0.9652
1020,858197,0.964
1021,679094,0.9638
1022,2706479,0.9627
1023,778329,0.9622
1024,2679253,0.959
1025,3233605,0.9573
1026,1746883,0.9474
1027,1722287,0.9204
1028,1923550,0.899
1029,1625942,0.5821
1030,1795729,0.569
1031,704010,0.5675
1032,3632081,0.5538
1033,1011904,0.552
1034,2849952,0.5518
1035,1780272,0.5511
1036,2939629,0.55
1037,1910225,0.5442
1038,3435504,0.5425
1039,82769,0.5425
1040,1952328,0.5424
1041,2757040,0.5421
1042,1620125,0.5416
1043,1878215,0.5388
1044,2902546,0.5348
1045,409807,0.5347
1046,657642,0.5336
1047,1747465,0.5329
1048,1920354,0.5316
1049,3228327,0.531
1050,2783742,0.5298
1051,3505696,0.5292
1052,865546,0.5288
1053,1925970,0.5286
1054,534987,0.5272
1055,1742113,0.5255
1056,1225056,0.5232
1057,1921236,0.5232
1058,819553,0.5221
1059,110289,0.5203
1060,1012870,0.5198
1061,958094,0.5179
1062,2047521,0.5157
1063,1209592,0.5059
1064,3530279,0.5011
1065,398146,0.5006
1066,758609,0.4812
1067,1397310,0.3623
1068,291065,0.3576
1069,2646280,0.3556
1070,1625457,0.3456
1071,1811885,0.344
1072,1924165,0.3416
1073,3723255,0.3387
1074,587363,0.3385
1075,636735,0.3351
1076,3028250,0.335
1077,1433145,0.3347
1078,2782271,0.3335
1079,136685,0.3333
1080,724315,0.3331
1081,1764142,0.333
1082,910433,0.3324
1083,1951921,0.3313
1084,653383,0.3312
1085,2762359,0.3312
1086,3695677,0.3305
1087,1916968,0.3304
1088,639258,0.3303
1089,3623585,0.3301
1090,1284402,0.33
1091,141973,0.33
1092,1065454,0.3297
1093,2866876,0.3285
1094,1761240,0.3285
1095,1248533,0.3278
1096,1749798,0.3276
1097,1187720,0.3269
1098,2134992,0.3263
1099,529554,0.3262
1100,3023103,0.326
1101,2933515,0.3253
1102,1181498,0.3249
1103,3009976,0.3249
1104,580326,0.3246
1105,2916303,0.3246
1106,124797,0.3245
1107,935309,0.324
1108,3046669,0.324
1109,1352127,0.3237
1110,3750811,0.3235
1111,1708338,0.3235
1112,1548490,0.3234
1113,3348571,0.3229
1114,731063,0.3225
1115,1459618,0.3223
1116,313055,0.3222
1117,277952,0.322
1118,2054351,0.322
1119,361313,0.3218
1120,2510977,0.3215
1121,3450567,0.3214
1122,1097853,0.3214
1123,2196160,0.3213
1124,1223517,0.321
1125,3541346,0.3206
1126,3659568,0.3205
1127,8562999,0.3205
1128,3579086,0.3203
1129,1738103,0.32
1130,796509,0.32
1131,433615,0.3199
1132,1246341,0.3198
1133,3548699,0.3196
1134,2122889,0.3196
1135,738238,0.3195
1136,1043714,0.3194
1137,1943910,0.3194
1138,1899859,0.3193
1139,930642,0.319
1140,708152,0.319
1141,1741939,0.3189
1142,2320309,0.3189
1143,3375153,0.3188
1144,2905211,0.3187
1145,1977084,0.3187
1146,1204248,0.3187
1147,232495,0.3186
1148,3059246,0.3185
1149,6496731,0.3185
1150,932249,0.3184
1151,3735953,0.3184
1152,2988888,0.3183
1153,1082205,0.3183
1154,1132816,0.3182
1155,2241570,0.3181
1156,2391539,0.3181
1157,777426,0.318
1158,2770651,0.3179
1159,323323,0.3178
1160,1759471,0.3177
1161,924890,0.3176
1162,3345914,0.3175
1163,44038,0.3173
1164,1030784,0.3172
1165,1815395,0.3171
1166,2202186,0.3171
1167,2169050,0.317
1168,2786105,0.3169
1169,3238744,0.3169
1170,2759197,0.3166
1171,8634741,0.3166
1172,2660218,0.3166
1173,2666136,0.3166
1174,2196573,0.3165
1175,2857726,0.3165
1176,42774,0.3164
1177,1260463,0.3163
1178,3674650,0.3163
1179,3516116,0.3161
1180,1169516,0.3161
1181,768794,0.316
1182,5792165,0.3159
1183,1126063,0.3158
1184,1527098,0.3158
1185,2425944,0.3157
1186,3013801,0.3157
1187,2867068,0.3157
1188,1065996,0.3157
1189,3277170,0.3156
1190,2304718,0.3156
1191,1285394,0.3156
1192,2901176,0.3156
1193,3356552,0.3154
1194,1918506,0.3154
1195,2332222,0.3153
1196,987627,0.3152
1197,2141314,0.3152
1198,3306907,0.3152
1199,2475675,0.3152
1200,407592,0.3151
1201,1083771,0.3151
1202,4636468,0.3151
1203,4922067,0.3151
1204,5394922,0.3151
1205,6796262,0.3151
1206,6821973,0.3151
1207,4471083,0.3151
1208,5974391,0.3151
1209,2005912,0.3149
1210,8635290,0.3149
1211,1426699,0.3149
1212,5883644,0.3149
1213,1551895,0.3149
1214,2679543,0.3149
1215,1066144,0.3149
1216,1742473,0.3149
1217,2369986,0.3149
1218,8634905,0.3148
1219,2130818,0.3148
1220,5004887,0.3148
1221,8312880,0.3148
1222,2318292,0.3148
1223,8635309,0.3147
1224,8635264,0.3147
1225,8635313,0.3147
1226,8635312,0.3147
1227,215970,0.3147
1228,4780041,0.3147
1229,2656375,0.3147
1230,650896,0.3147
1231,2483818,0.3147
1232,3613538,0.3146
1233,8634716,0.3146
1234,8635301,0.3146
1235,4296910,0.3146
1236,2695138,0.3146
1237,3323440,0.3146
1238,832343,0.3145
1239,2393870,0.3145
1240,2475457,0.3144
1241,254177,0.3144
1242,3336308,0.3143
1243,3345141,0.3143
1244,2227360,0.3142
1245,3153511,0.3141
1246,1099285,0.3141
1247,3478572,0.314
1248,6806352,0.314
1249,2562596,0.3139
1250,467087,0.3139
1251,1433350,0.3138
1252,1347586,0.3138
1253,2231477,0.3138
1254,6758369,0.3138
1255,2104469,0.3137
1256,2985004,0.3136
1257,1348810,0.3136
1258,3084118,0.3136
1259,2447270,0.3134
1260,588853,0.3134
1261,2136706,0.3134
1262,2485342,0.3134
1263,1634374,0.3133
1264,2467891,0.3133
1265,1956975,0.3132
1266,3254990,0.3132
1267,2891959,0.3132
1268,1250375,0.3131
1269,109968,0.3131
1270,8386745,0.3131
1271,3018789,0.313
1272,2899918,0.313
1273,456231,0.313
1274,3380218,0.313
1275,2519346,0.3129
1276,8635294,0.3129
1277,150476,0.3129
1278,1519932,0.3129
1279,987544,0.3129
1280,622522,0.3129
1281,625067,0.3129
1282,123512,0.3128
1283,1817238,0.3127
1284,3198137,0.3127
1285,2804256,0.3127
1286,2021893,0.3126
1287,8635304,0.3126
1288,3167659,0.3126
1289,1044424,0.3126
1290,3732858,0.3126
1291,3008126,0.3125
1292,6842930,0.3125
1293,582628,0.3125
1294,143226,0.3124
1295,2177010,0.3124
1296,3282088,0.3123
1297,2413977,0.3122
1298,3541232,0.3122
1299,3243327,0.3122
1300,3706320,0.3122
1301,1655122,0.3122
1302,644073,0.3122
1303,806839,0.3121
1304,593888,0.3121
1305,1273632,0.3121
1306,1480265,0.3121
1307,1537144,0.3121
1308,2367109,0.3121
1309,2904865,0.312
1310,118625,0.312
1311,1579249,0.312
1312,311644,0.312
1313,1872878,0.3119
1314,1097559,0.3119
1315,2228187,0.3119
1316,1726472,0.3119
1317,2097079,0.3117
1318,2436599,0.3117
1319,2444719,0.3115
1320,2603236,0.3115
1321,1783511,0.3114
1322,339562,0.3114
1323,2216828,0.3114
1324,1287053,0.3113
1325,961782,0.3113
1326,217723,0.3113
1327,2650556,0.3113
1328,2391903,0.3112
1329,5067644,0.3111
1330,5523484,0.3111
1331,2449086,0.3111
1332,1940842,0.311
1333,2150677,0.311
1334,2753129,0.311
1335,2375186,0.311
1336,3733784,0.3109
1337,7537243,0.3109
1338,2834880,0.3109
1339,4902505,0.3109
1340,173349,0.3108
1341,8634792,0.3108
1342,3278207,0.3108
1343,1636065,0.3106
1344,71696,0.3106
1345,6091147,0.3106
1346,2790083,0.3106
1347,3476028,0.3105
1348,8635334,0.3105
1349,3669970,0.3105
1350,2299412,0.3104
1351,16177,0.3103
1352,2038020,0.3103
1353,2706367,0.3103
1354,8170645,0.3103
1355,2810673,0.3102
1356,1130090,0.3101
1357,982694,0.3099
1358,2499772,0.3099
1359,1234507,0.3096
1360,7321328,0.3096
1361,2971257,0.3096
1362,593943,0.3095
1363,1282716,0.3095
1364,8635037,0.3095
1365,2240745,0.3095
1366,809321,0.3094
1367,2249655,0.3094
1368,981635,0.3093
1369,1280205,0.3093
1370,4761383,0.3093
1371,3705456,0.3092
1372,3323012,0.3092
1373,533665,0.3092
1374,408501,0.3092
1375,2255502,0.3092
1376,3517407,0.3091
1377,2711146,0.3091
1378,2754606,0.3091
1379,2287937,0.3091
1380,2818319,0.309
1381,820116,0.3089
1382,1958341,0.3089
1383,2980679,0.3089
1384,6480153,0.3089
1385,3712158,0.3088
1386,1844577,0.3088
1387,2243533,0.3088
1388,168152,0.3088
1389,2703579,0.3088
1390,1656841,0.3088
1391,3323075,0.3088
1392,1709613,0.3087
1393,535370,0.3087
1394,1126367,0.3086
1395,844958,0.3086
1396,7881780,0.3086
1397,2339882,0.3086
1398,1565597,0.3086
1399,2977468,0.3085
1400,2343028,0.3085
1401,2290936,0.3085
1402,3055668,0.3084
1403,2665578,0.3084
1404,2155457,0.3084
1405,2971097,0.3084
1406,634086,0.3083
1407,212302,0.3083
1408,3334056,0.3083
1409,82979,0.3082
1410,8195767,0.3082
1411,3545268,0.3081
1412,325910,0.308
1413,1044336,0.3078
1414,2283609,0.3078
1415,3392874,0.3077
1416,563313,0.3077
1417,1745686,0.3076
1418,1699049,0.3076
1419,2963005,0.3075
1420,301556,0.3075
1421,3232602,0.3075
1422,745759,0.3074
1423,2458821,0.3074
1424,2218444,0.3074
1425,1919151,0.3073
1426,2288703,0.3073
1427,3193865,0.3073
1428,2271254,0.3073
1429,1143956,0.3073
1430,3015605,0.3072
1431,2729373,0.3072
1432,3707024,0.3072
1433,2061217,0.3071
1434,3415377,0.3071
1435,7858523,0.3071
1436,926789,0.307
1437,1771889,0.307
1438,1188998,0.3069
1439,464417,0.3069
1440,464679,0.3068
1441,94226,0.3067
1442,529442,0.3067
1443,895371,0.3066
1444,2145093,0.3065
1445,2601150,0.3065
1446,1824602,0.3064
1447,1628336,0.3064
1448,1495823,0.3064
1449,1354510,0.3063
1450,203309,0.3063
1451,8631800,0.3062
1452,2891437,0.3062
1453,1721429,0.3062
1454,634005,0.3062
1455,1883054,0.3062
1456,1503284,0.3062
1457,2182127,0.3062
1458,3553902,0.3062
1459,7369580,0.3061
1460,2898222,0.3061
1461,1259008,0.3061
1462,3523698,0.306
1463,661378,0.306
1464,706854,0.306
1465,127873,0.306
1466,2665223,0.306
1467,3754059,0.306
1468,2501373,0.306
1469,1822199,0.306
1470,2678683,0.3059
1471,1825034,0.3058
1472,1894673,0.3058
1473,2614694,0.3058
1474,2009062,0.3058
1475,3203803,0.3058
1476,3394305,0.3057
1477,8182611,0.3057
1478,2483701,0.3057
1479,2523636,0.3057
1480,8631733,0.3057
1481,777964,0.3057
1482,2041214,0.3057
1483,453032,0.3057
1484,3434776,0.3057
1485,1629586,0.3056
1486,3561819,0.3056
1487,901828,0.3056
1488,8631725,0.3056
1489,1531580,0.3056
1490,8631130,0.3055
1491,8631557,0.3055
1492,3363415,0.3055
1493,1806397,0.3055
1494,3022282,0.3055
1495,3558064,0.3055
1496,2731540,0.3055
1497,2859513,0.3055
1498,1923720,0.3054
1499,2315563,0.3054
1500,1319896,0.3054
1501,1885642,0.3054
1502,3667269,0.3054
1503,3643481,0.3054
1504,3078968,0.3054
1505,550543,0.3054
1506,2878547,0.3053
1507,8631213,0.3053
1508,8631371,0.3053
1509,2096582,0.3053
1510,115018,0.3052
1511,3399599,0.3052
1512,785812,0.3052
1513,3487072,0.3052
1514,7459345,0.3052
1515,14579,0.3051
1516,7353754,0.3051
1517,1157725,0.3051
1518,2339626,0.3051
1519,3543615,0.3051
1520,8631043,0.305
1521,2631892,0.305
1522,2992556,0.305
1523,1973280,0.3048
1524,2932616,0.3048
1525,7959487,0.3048
1526,541053,0.3047
1527,675299,0.3047
1528,39532,0.3047
1529,8617224,0.3047
1530,7448676,0.3047
1531,8358601,0.3047
1532,1773258,0.3047
1533,2576567,0.3046
1534,583216,0.3046
1535,1822850,0.3046
1536,2013074,0.3045
1537,1188298,0.3044
1538,2747444,0.3044
1539,1184227,0.3044
1540,2515243,0.3044
1541,1118925,0.3044
1542,436650,0.3044
1543,1115020,0.3044
1544,2940415,0.3043
1545,3347325,0.3043
1546,2709740,0.3043
1547,2856329,0.3043
1548,1885715,0.3043
1549,2134387,0.3043
1550,2328226,0.3043
1551,8330465,0.3043
1552,2423553,0.3043
1553,639254,0.3043
1554,1108992,0.3043
1555,2175873,0.3042
1556,860824,0.3042
1557,2540744,0.3042
1558,1713348,0.3042
1559,1752373,0.3042
1560,8635018,0.3042
1561,3216880,0.3042
1562,176362,0.3042
1563,8630529,0.3041
1564,3468897,0.3041
1565,3539130,0.3041
1566,203290,0.3041
1567,440248,0.304
1568,8630506,0.304
1569,1863081,0.304
1570,1197773,0.304
1571,627207,0.304
1572,2420377,0.304
1573,1646160,0.304
1574,1975620,0.3039
1575,8630590,0.3039
1576,69240,0.3039
1577,88945,0.3039
1578,558364,0.3039
1579,1873289,0.3039
1580,7398372,0.3039
1581,7687793,0.3039
1582,66607,0.3039
1583,3454216,0.3039
1584,34550,0.3039
1585,6390569,0.3039
1586,2492892,0.3039
1587,2980469,0.3038
1588,2572658,0.3038
1589,2933510,0.3038
1590,1380659,0.3038
1591,3328178,0.3037
1592,1999994,0.3037
1593,8630403,0.3037
1594,1998251,0.3037
1595,2787044,0.3037
1596,583209,0.3037
1597,1189550,0.3037
1598,8630575,0.3036
1599,695461,0.3036
1600,1142215,0.3036
1601,1223597,0.3035
1602,2038731,0.3035
1603,3468408,0.3035
1604,2644097,0.3035
1605,2319292,0.3035
1606,2998992,0.3035
1607,8630172,0.3034
1608,3645096,0.3034
1609,2597373,0.3034
1610,689988,0.3034
1611,1305942,0.3034
1612,1931796,0.3034
1613,2721918,0.3033
1614,1271120,0.3033
1615,2048485,0.3033
1616,2224649,0.3033
1617,1171673,0.3033
1618,20054,0.3032
1619,8630485,0.3032
1620,579381,0.3032
1621,2727898,0.3032
1622,8635295,0.3032
1623,3722992,0.3032
1624,2091051,0.3031
1625,121509,0.3031
1626,112617,0.3031
1627,2622787,0.3031
1628,8634491,0.3031
1629,2322222,0.3031
1630,8629962,0.303
1631,3668533,0.303
1632,8459657,0.303
1633,547366,0.303
1634,2457068,0.303
1635,2092428,0.3029
1636,2836753,0.3029
1637,144093,0.3029
1638,1983778,0.3028
1639,1275888,0.3028
1640,1703158,0.3028
1641,7315204,0.3028
1642,3585457,0.3028
1643,2455948,0.3028
1644,8630518,0.3027
1645,8630581,0.3027
1646,524063,0.3027
1647,1712131,0.3027
1648,700651,0.3027
1649,1900302,0.3027
1650,8630042,0.3026
1651,8629882,0.3026
1652,1982006,0.3026
1653,2771242,0.3026
1654,2342278,0.3026
1655,1250219,0.3026
1656,1123330,0.3026
1657,576245,0.3025
1658,3513911,0.3025
1659,2409468,0.3025
1660,79292,0.3024
1661,2562759,0.3024
1662,3392019,0.3024
1663,1310334,0.3023
1664,878029,0.3023
1665,928618,0.3023
1666,3325623,0.3023
1667,1736847,0.3023
1668,7813575,0.3023
1669,8155615,0.3023
1670,3658565,0.3022
1671,907130,0.3022
1672,2856455,0.3022
1673,678292,0.3022
1674,820124,0.3022
1675,2589922,0.3022
1676,6790,0.3022
1677,2606944,0.3022
1678,1210765,0.3021
1679,2777804,0.3021
1680,3413539,0.3021
1681,1976699,0.3021
1682,2586386,0.3021
1683,1224730,0.302
1684,2825511,0.302
1685,1184947,0.302
1686,535888,0.302
1687,1866885,0.302
1688,2326912,0.302
1689,2161418,0.302
1690,3710330,0.302
1691,296405,0.302
1692,8629841,0.3019
1693,3450526,0.3019
1694,3527665,0.3019
1695,184379,0.3019
1696,3119952,0.3019
1697,2923944,0.3018
1698,86856,0.3018
1699,1076805,0.3018
1700,571527,0.3017
1701,2484172,0.3017
1702,680913,0.3017
1703,890799,0.3017
1704,2481343,0.3017
1705,3038993,0.3017
1706,3559136,0.3016
1707,1966105,0.3016
1708,668003,0.3016
1709,809849,0.3016
1710,458545,0.3015
1711,15806,0.3015
1712,3508668,0.3015
1713,2774069,0.3015
1714,1679064,0.3015
1715,1549970,0.3014
1716,3591919,0.3014
1717,3535199,0.3014
1718,2639322,0.3014
1719,1958952,0.3014
1720,909534,0.3014
1721,8239574,0.3014
1722,583445,0.3013
1723,1723590,0.3013
1724,428239,0.3013
1725,2935257,0.3013
1726,1857539,0.3013
1727,1638208,0.3013
1728,1130538,0.3013
1729,7269854,0.3013
1730,133514,0.3012
1731,3534664,0.3012
1732,2529170,0.3012
1733,362475,0.3012
1734,697482,0.3011
1735,133567,0.3011
1736,43620,0.301
1737,1744802,0.301
1738,2668604,0.301
1739,937572,0.301
1740,2748849,0.301
1741,3576647,0.3009
1742,906844,0.3009
1743,2851321,0.3009
1744,1171128,0.3009
1745,104217,0.3009
1746,1579367,0.3009
1747,473019,0.3008
1748,1679488,0.3008
1749,8631119,0.3008
1750,3365108,0.3008
1751,2612225,0.3008
1752,495618,0.3008
1753,1632686,0.3007
1754,428541,0.3007
1755,2180914,0.3007
1756,659705,0.3007
1757,3479281,0.3007
1758,3082145,0.3007
1759,1182590,0.3006
1760,2950466,0.3006
1761,1684637,0.3006
1762,1268508,0.3006
1763,2473391,0.3006
1764,2981447,0.3006
1765,868737,0.3005
1766,2791140,0.3005
1767,979905,0.3005
1768,1679100,0.3004
1769,1824619,0.3004
1770,1809533,0.3004
1771,753470,0.3004
1772,2961458,0.3003
1773,2125349,0.3003
1774,2899561,0.3003
1775,547671,0.3003
1776,812742,0.3003
1777,893536,0.3003
1778,11972,0.3002
1779,2015103,0.3002
1780,2792861,0.3002
1781,8634535,0.3002
1782,1642112,0.3002
1783,37351,0.3001
1784,2955392,0.3001
1785,2962017,0.3001
1786,1081865,0.3001
1787,3435442,0.3001
1788,1242188,0.3
1789,2159966,0.3
1790,2961667,0.2999
1791,1633491,0.2999
1792,3004277,0.2999
1793,2900672,0.2999
1794,1361698,0.2999
1795,1515758,0.2999
1796,376706,0.2999
1797,3703784,0.2998
1798,1981247,0.2998
1799,80991,0.2998
1800,98464,0.2998
1801,1306596,0.2998
1802,112901,0.2998
1803,2044153,0.2998
1804,3475769,0.2998
1805,3311889,0.2997
1806,36487,0.2997
1807,2957444,0.2997
1808,1675399,0.2996
1809,640663,0.2996
1810,7870408,0.2996
1811,120224,0.2996
1812,2230949,0.2996
1813,1148835,0.2996
1814,592659,0.2995
1815,847923,0.2995
1816,2009764,0.2995
1817,3656594,0.2994
1818,1285580,0.2994
1819,868100,0.2994
1820,2884922,0.2994
1821,1181538,0.2994
1822,3606052,0.2993
1823,2814909,0.2993
1824,99268,0.2993
1825,1317237,0.2993
1826,241907,0.2993
1827,1684889,0.2992
1828,2015762,0.2992
1829,1680175,0.2992
1830,3254126,0.2992
1831,6161486,0.2992
1832,8629797,0.2991
1833,874016,0.2991
1834,920708,0.2991
1835,8631780,0.2991
1836,370463,0.2991
1837,3660565,0.299
1838,993076,0.299
1839,445766,0.299
1840,3489883,0.299
1841,1951876,0.299
1842,822384,0.299
1843,61898,0.299
1844,2820870,0.299
1845,2130880,0.2989
1846,838575,0.2989
1847,1421853,0.2989
1848,2248434,0.2989
1849,1004705,0.2989
1850,633,0.2989
1851,854755,0.2988
1852,1790613,0.2988
1853,8630043,0.2987
1854,1673245,0.2987
1855,936440,0.2987
1856,2216810,0.2987
1857,2394336,0.2987
1858,699662,0.2986
1859,30553,0.2986
1860,2767507,0.2986
1861,3384558,0.2985
1862,3501248,0.2985
1863,2406521,0.2984
1864,1560700,0.2983
1865,2062128,0.2983
1866,3636170,0.2983
1867,2727004,0.2983
1868,3390526,0.2983
1869,1916544,0.2983
1870,1933255,0.2983
1871,3138204,0.2983
1872,3331111,0.2982
1873,1885964,0.2982
1874,3550052,0.2981
1875,391275,0.2981
1876,3180341,0.2981
1877,2587974,0.2981
1878,959303,0.298
1879,2713645,0.298
1880,2423852,0.298
1881,2734466,0.298
1882,2930126,0.2979
1883,2681856,0.2979
1884,594201,0.2979
1885,3432677,0.2979
1886,2472957,0.2979
1887,1940863,0.2979
1888,3519481,0.2979
1889,1156420,0.2979
1890,4789590,0.2979
1891,1107189,0.2979
1892,5216414,0.2979
1893,5947095,0.2979
1894,6030608,0.2979
1895,6303691,0.2979
1896,6330303,0.2979
1897,6572744,0.2979
1898,8107203,0.2979
1899,8305784,0.2979
1900,8374317,0.2979
1901,200397,0.2979
1902,201501,0.2979
1903,887942,0.2978
1904,2569521,0.2978
1905,656393,0.2978
1906,523428,0.2978
1907,1829145,0.2976
1908,3414655,0.2976
1909,1531428,0.2976
1910,2523903,0.2975
1911,2902048,0.2973
1912,1220665,0.2973
1913,8634897,0.2973
1914,8634887,0.2973
1915,8635147,0.2973
1916,8635275,0.2973
1917,5262921,0.2973
1918,1552896,0.2973
1919,3163620,0.2973
1920,8235046,0.2973
1921,2156559,0.2973
1922,1077050,0.2973
1923,2272870,0.2973
1924,479212,0.2973
1925,1684716,0.2973
1926,1520755,0.2973
1927,1876301,0.2973
1928,3633197,0.2972
1929,1194167,0.2972
1930,1008957,0.2972
1931,2518349,0.2971
1932,3187007,0.2971
1933,956936,0.297
1934,3681875,0.297
1935,1619434,0.297
1936,607594,0.297
1937,8630183,0.297
1938,738708,0.297
1939,3467222,0.297
1940,2843522,0.2969
1941,3449352,0.2969
1942,2975840,0.2969
1943,942644,0.2968
1944,3338913,0.2968
1945,2814295,0.2968
1946,3617868,0.2968
1947,2154119,0.2968
1948,3488078,0.2968
1949,3123661,0.2968
1950,3274021,0.2968
1951,29074,0.2967
1952,8634603,0.2967
1953,8634620,0.2967
1954,8634612,0.2967
1955,8634791,0.2967
1956,2097356,0.2967
1957,1345003,0.2967
1958,2843249,0.2967
1959,2945057,0.2967
1960,22202,0.2966
1961,1068463,0.2966
1962,2421231,0.2965
1963,2754889,0.2964
1964,1936979,0.2964
1965,3435289,0.2964
1966,684769,0.2963
1967,2450071,0.2963
1968,2570245,0.2963
1969,2855643,0.2962
1970,1759815,0.2962
1971,499823,0.2961
1972,1672889,0.2961
1973,367554,0.2961
1974,2145099,0.2961
1975,730744,0.2961
1976,8634515,0.2961
1977,8634459,0.2961
1978,954310,0.296
1979,973431,0.296
1980,1607430,0.2959
1981,2409387,0.2959
1982,3715867,0.2959
1983,1125755,0.2959
1984,2088328,0.2959
1985,3360480,0.2958
1986,1680990,0.2958
1987,1732416,0.2958
1988,1702495,0.2958
1989,3723894,0.2958
1990,3026044,0.2958
1991,445698,0.2957
1992,3570162,0.2957
1993,3376783,0.2956
1994,728227,0.2956
1995,361375,0.2956
1996,1844425,0.2956
1997,1282319,0.2956
1998,762775,0.2955
1999,1254831,0.2955
2000,305047,0.2955
2001,495833,0.2954
2002,236742,0.2954
2003,1505276,0.2954
2004,3251727,0.2954
2005,3254189,0.2954
2006,2718575,0.2954
2007,2009127,0.2953
2008,437783,0.2953
2009,960354,0.2953
2010,3204178,0.2953
2011,2948701,0.2952
2012,1232426,0.2952
2013,619989,0.2952
2014,2338947,0.2952
2015,602048,0.2951
2016,774594,0.2951
2017,3358540,0.295
2018,537951,0.295
2019,1244050,0.2949
2020,2326487,0.2949
2021,3325002,0.2948
2022,1001576,0.2948
2023,1503616,0.2948
2024,248747,0.2948
2025,2237358,0.2948
2026,1136884,0.2948
2027,2484452,0.2948
2028,1901181,0.2947
2029,1562318,0.2944
2030,1983103,0.2944
2031,3262293,0.2943
2032,3338111,0.2943
2033,986140,0.2942
2034,8630825,0.2942
2035,2754042,0.2942
2036,1503358,0.2942
2037,2794799,0.2942
2038,1079610,0.2942
2039,2177949,0.2941
2040,3318796,0.294
2041,470048,0.294
2042,753430,0.294
2043,2520053,0.2939
2044,3604328,0.2939
2045,1072175,0.2939
2046,1080160,0.2939
2047,7138416,0.2939
2048,1191825,0.2937
2049,2940427,0.2936
2050,1850438,0.2936
2051,3585468,0.2936
2052,3677279,0.2936
2053,1082959,0.2936
2054,1557006,0.2936
2055,1523542,0.2936
2056,378025,0.2936
2057,511533,0.2936
2058,1789648,0.2935
2059,3590634,0.2934
2060,3527759,0.2933
2061,1679480,0.2933
2062,735626,0.2933
2063,795855,0.2933
2064,1296064,0.2933
2065,343723,0.2932
2066,1749536,0.2932
2067,2013999,0.2932
2068,3744324,0.2932
2069,770310,0.2931
2070,2527374,0.2931
2071,1971534,0.2931
2072,1618069,0.293
2073,1993913,0.293
2074,759154,0.293
2075,719317,0.293
2076,1844165,0.2929
2077,3369904,0.2929
2078,993606,0.2928
2079,3551276,0.2928
2080,2845737,0.2928
2081,2146759,0.2928
2082,2659798,0.2927
2083,1313603,0.2926
2084,559740,0.2925
2085,2136521,0.2924
2086,331330,0.2924
2087,1228772,0.2924
2088,1644880,0.2923
2089,2536761,0.2923
2090,150466,0.2921
2091,3679801,0.2921
2092,346579,0.292
2093,1261413,0.2919
2094,2885933,0.2919
2095,3344610,0.2918
2096,1730175,0.2918
2097,8634978,0.2918
2098,1503815,0.2918
2099,568824,0.2917
2100,2861967,0.2917
2101,699330,0.2917
2102,2789427,0.2917
2103,2397924,0.2915
2104,750838,0.2914
2105,8630447,0.2914
2106,2653378,0.2914
2107,1889066,0.2914
2108,2259510,0.2913
2109,1694000,0.2911
2110,600552,0.2911
2111,2680995,0.2911
2112,1160323,0.2911
2113,2899178,0.2911
2114,1696986,0.291
2115,2813675,0.291
2116,3564891,0.2909
2117,1461987,0.2909
2118,1223289,0.2908
2119,1681792,0.2908
2120,1272856,0.2908
2121,2576090,0.2908
2122,889195,0.2908
2123,3080559,0.2908
2124,2314170,0.2908
2125,3314300,0.2908
2126,3588362,0.2907
2127,696322,0.2907
2128,491380,0.2907
2129,3287791,0.2906
2130,2808619,0.2906
2131,2630478,0.2906
2132,2825612,0.2906
2133,42488,0.2905
2134,2920262,0.2905
2135,1194444,0.2904
2136,1591918,0.2904
2137,2788680,0.2904
2138,2672136,0.2903
2139,2510641,0.2903
2140,88040,0.2903
2141,7918529,0.2903
2142,8630432,0.2902
2143,2891146,0.2902
2144,3524128,0.2901
2145,516464,0.29
2146,2787485,0.29
2147,2163056,0.29
2148,840989,0.2899
2149,1247122,0.2899
2150,1676176,0.2899
2151,3379845,0.2899
2152,8631810,0.2899
2153,2826884,0.2899
2154,939550,0.2899
2155,1224620,0.2898
2156,8625652,0.2898
2157,2629626,0.2898
2158,1537208,0.2898
2159,1989054,0.2897
2160,2872210,0.2897
2161,773664,0.2897
2162,2151405,0.2896
2163,2824082,0.2896
2164,2631331,0.2896
2165,1893607,0.2896
2166,687956,0.2896
2167,363289,0.2895
2168,1511228,0.2895
2169,8637788,0.2895
2170,63196,0.2894
2171,3436879,0.2894
2172,363406,0.2893
2173,2904596,0.2893
2174,1312560,0.2893
2175,211013,0.2893
2176,24004,0.2893
2177,3272226,0.2892
2178,506787,0.2892
2179,1769375,0.2892
2180,1887009,0.2892
2181,3154151,0.2892
2182,1645391,0.2891
2183,2677090,0.2891
2184,2217285,0.2891
2185,210942,0.2891
2186,555732,0.289
2187,1726471,0.289
2188,1252771,0.289
2189,2403593,0.289
2190,1584517,0.2889
2191,2159329,0.2889
2192,847283,0.2889
2193,8630007,0.2889
2194,640080,0.2889
2195,3655384,0.2888
2196,447768,0.2888
2197,2709783,0.2888
2198,1988357,0.2887
2199,1868305,0.2887
2200,1812109,0.2887
2201,3343070,0.2886
2202,8631418,0.2886
2203,8631477,0.2886
2204,8631419,0.2886
2205,8631766,0.2886
2206,8631778,0.2886
2207,8631627,0.2886
2208,1697402,0.2886
2209,7748946,0.2886
2210,8631765,0.2886
2211,8631786,0.2886
2212,8631573,0.2886
2213,1278014,0.2886
2214,3019255,0.2886
2215,2838018,0.2886
2216,60719,0.2886
2217,77543,0.2886
2218,1302413,0.2886
2219,3666839,0.2886
2220,1372068,0.2886
2221,2790583,0.2885
2222,3449332,0.2884
2223,1059976,0.2884
2224,8629653,0.2883
2225,980013,0.2883
2226,2941282,0.2883
2227,3734191,0.2883
2228,270498,0.2883
2229,2429938,0.2883
2230,3356848,0.2882
2231,2051288,0.2882
2232,511429,0.2882
2233,1747432,0.2882
2234,661507,0.2881
2235,2876622,0.2881
2236,8631391,0.288
2237,8167348,0.288
2238,2577125,0.288
2239,2769396,0.288
2240,1352550,0.288
2241,1555156,0.288
2242,1526920,0.2879
2243,999266,0.2878
2244,35140,0.2878
2245,1812432,0.2878
2246,1431073,0.2878
2247,2967479,0.2877
2248,144275,0.2877
2249,1227574,0.2876
2250,8630644,0.2874
2251,8630836,0.2874
2252,8630839,0.2874
2253,8630822,0.2874
2254,8630823,0.2874
2255,1735665,0.2874
2256,2728550,0.2874
2257,62382,0.2874
2258,2142244,0.2874
2259,3216267,0.2874
2260,8630582,0.2872
2261,2141581,0.2872
2262,449408,0.2872
2263,2039514,0.2871
2264,73705,0.2871
2265,1208797,0.2871
2266,2423200,0.287
2267,1233335,0.287
2268,3258222,0.2869
2269,96482,0.2869
2270,8630450,0.2868
2271,8630517,0.2868
2272,8630486,0.2868
2273,8630460,0.2868
2274,8630561,0.2868
2275,8630576,0.2868
2276,8630542,0.2868
2277,8630433,0.2868
2278,8630510,0.2868
2279,1870532,0.2868
2280,2682054,0.2868
2281,2725860,0.2868
2282,8630528,0.2868
2283,8630571,0.2868
2284,3487746,0.2868
2285,2716691,0.2868
2286,3214089,0.2868
2287,1411624,0.2868
2288,1779921,0.2867
2289,8631422,0.2867
2290,53901,0.2866
2291,3353878,0.2865
2292,3717135,0.2865
2293,2063585,0.2864
2294,1878484,0.2864
2295,1153897,0.2864
2296,2634780,0.2864
2297,1168468,0.2864
2298,3629607,0.2864
2299,2823964,0.2863
2300,2111946,0.2862
2301,2177544,0.2862
2302,982195,0.2862
2303,8630322,0.2861
2304,2999488,0.2861
2305,1328083,0.2861
2306,2900183,0.2861
2307,2667955,0.2861
2308,8630363,0.2861
2309,724416,0.2861
2310,2776638,0.2861
2311,1641681,0.2861
2312,1348875,0.2861
2313,188006,0.2861
2314,2554911,0.286
2315,825156,0.2858
2316,1810551,0.2857
2317,2322426,0.2857
2318,2714897,0.2857
2319,36009,0.2857
2320,8629955,0.2855
2321,8629979,0.2855
2322,8630063,0.2855
2323,8630075,0.2855
2324,8629906,0.2855
2325,8629982,0.2855
2326,8629991,0.2855
2327,1246925,0.2855
2328,1718965,0.2855
2329,3392993,0.2855
2330,1222862,0.2855
2331,757730,0.2855
2332,8629934,0.2855
2333,3384760,0.2855
2334,997808,0.2855
2335,3759814,0.2855
2336,791865,0.2854
2337,612525,0.2853
2338,3232845,0.2852
2339,76650,0.2852
2340,3170137,0.2852
2341,2606154,0.285
2342,3233329,0.285
2343,8629766,0.2849
2344,8629831,0.2849
2345,596855,0.2849
2346,8629623,0.2849
2347,8629635,0.2849
2348,1970685,0.2849
2349,2781753,0.2849
2350,2774272,0.2849
2351,8629683,0.2849
2352,1773355,0.2849
2353,571194,0.2849
2354,1871937,0.2849
2355,2435648,0.2849
2356,2551136,0.2849
2357,2826052,0.2848
2358,8631751,0.2848
2359,86571,0.2848
2360,1113520,0.2848
2361,28237,0.2847
2362,2620818,0.2846
2363,132480,0.2846
2364,3692408,0.2846
2365,3017356,0.2845
2366,2209348,0.2845
2367,3712334,0.2844
2368,8629436,0.2843
2369,8629533,0.2843
2370,547660,0.2843
2371,8629336,0.2843
2372,8629596,0.2843
2373,1266011,0.2843
2374,3009427,0.2843
2375,719579,0.2843
2376,912837,0.2843
2377,1803478,0.2843
2378,2018994,0.2843
2379,358474,0.2842
2380,2858237,0.2841
2381,2823264,0.2838
2382,8657076,0.2837
2383,3651505,0.2837
2384,385834,0.2837
2385,128193,0.2837
2386,1187404,0.2837
2387,580566,0.2836
2388,1800797,0.2836
2389,1106486,0.2835
2390,1722561,0.2834
2391,341512,0.2834
2392,2526733,0.2834
2393,2077901,0.2833
2394,445781,0.2833
2395,1666359,0.2832
2396,2561788,0.2832
2397,2750720,0.2831
2398,2516029,0.2831
2399,1907354,0.2831
2400,2769502,0.2831
2401,932357,0.2831
2402,2593559,0.2831
2403,1794531,0.2829
2404,2149871,0.2829
2405,953289,0.2828
2406,1746053,0.2828
2407,806812,0.2827
2408,3654375,0.2826
2409,1942226,0.2826
2410,1103900,0.2826
2411,120784,0.2826
2412,2937901,0.2826
2413,620291,0.2825
2414,785769,0.2825
2415,2491825,0.2825
2416,2472980,0.2825
2417,2000431,0.2825
2418,164512,0.2824
2419,726396,0.2823
2420,1967762,0.2823
2421,1383438,0.2821
2422,3382075,0.282
2423,3688964,0.282
2424,8628913,0.2819
2425,3469095,0.2819
2426,1792097,0.2819
2427,2354664,0.2819
2428,2883533,0.2819
2429,3169332,0.2819
2430,638517,0.2818
2431,2695627,0.2818
2432,526511,0.2817
2433,1629269,0.2816
2434,2813416,0.2816
2435,46568,0.2816
2436,1846728,0.2815
2437,1260684,0.2815
2438,2747398,0.2815
2439,1236372,0.2815
2440,3522007,0.2815
2441,990586,0.2814
2442,8628719,0.2813
2443,871788,0.2813
2444,2415820,0.2813
2445,821559,0.2813
2446,2457991,0.2813
2447,1491236,0.281
2448,74356,0.2809
2449,3474609,0.2808
2450,255674,0.2807
2451,845838,0.2806
2452,617429,0.2806
2453,3046557,0.2805
2454,2330301,0.2805
2455,121523,0.2801
2456,3679575,0.2801
2457,3105804,0.2801
2458,1551921,0.28
2459,702691,0.28
2460,8635042,0.28
2461,1915845,0.2798
2462,8629643,0.2797
2463,780586,0.2796
2464,1028209,0.2794
2465,3015519,0.2794
2466,3018991,0.2794
2467,613887,0.2794
2468,365804,0.2793
2469,3713687,0.2793
2470,2685659,0.2793
2471,750020,0.2792
2472,1114,0.2791
2473,1625631,0.2791
2474,3493960,0.279
2475,3578832,0.279
2476,2895085,0.279
2477,1684,0.2789
2478,3435062,0.2789
2479,2081743,0.2788
2480,1386633,0.2788
2481,2411162,0.2786
2482,1231130,0.2785
2483,3480437,0.2785
2484,3030497,0.2785
2485,2009409,0.2784
2486,3413693,0.2784
2487,3418237,0.2784
2488,1781278,0.2783
2489,657300,0.2782
2490,3554549,0.2782
2491,584334,0.2782
2492,2282555,0.2782
2493,8563763,0.2781
2494,750226,0.2781
2495,3556353,0.2778
2496,1672126,0.2777
2497,877089,0.2777
2498,2355553,0.2776
2499,2449039,0.2776
2500,711766,0.2774
2501,3530442,0.2773
2502,2951998,0.2773
2503,335341,0.2772
2504,3575622,0.2772
2505,2833262,0.2772
2506,28333,0.2771
2507,1599435,0.2771
2508,1708867,0.2771
2509,2951547,0.2771
2510,1086267,0.2771
2511,2935518,0.277
2512,2420210,0.277
2513,2520108,0.277
2514,101542,0.277
2515,2098335,0.277
2516,2160116,0.277
2517,2930805,0.2769
2518,3568346,0.2767
2519,2005012,0.2767
2520,876029,0.2766
2521,749950,0.2766
2522,3716385,0.2766
2523,684741,0.2765
2524,882103,0.2765
2525,2804860,0.2764
2526,1661595,0.2764
2527,2540015,0.2764
2528,336017,0.2764
2529,3017579,0.2763
2530,99852,0.2762
2531,524364,0.2761
2532,2181854,0.2761
2533,2389168,0.2761
2534,3117802,0.276
2535,1586672,0.2759
2536,12052,0.2759
2537,8630908,0.2758
2538,2346074,0.2758
2539,595891,0.2758
2540,2848315,0.2757
2541,3301201,0.2756
2542,2353982,0.2756
2543,3488636,0.2756
2544,2224378,0.2756
2545,3175800,0.2755
2546,2292148,0.2755
2547,870956,0.2754
2548,2799095,0.2754
2549,2795026,0.2754
2550,473026,0.2754
2551,3402825,0.2753
2552,48913,0.2752
2553,2159538,0.2752
2554,729072,0.2752
2555,1906747,0.2752
2556,3727526,0.2752
2557,559964,0.2752
2558,5514769,0.2752
2559,3369877,0.2751
2560,2044929,0.2751
2561,1013389,0.2751
2562,2962111,0.2749
2563,831524,0.2749
2564,7393260,0.2748
2565,2592113,0.2748
2566,332726,0.2747
2567,3503046,0.2747
2568,1629225,0.2747
2569,976314,0.2746
2570,2819664,0.2745
2571,1152702,0.2745
2572,408604,0.2744
2573,92381,0.2744
2574,612950,0.2744
2575,3376419,0.2744
2576,898246,0.274
2577,2708913,0.274
2578,1144717,0.274
2579,2705729,0.2739
2580,3389095,0.2739
2581,2657094,0.2738
2582,2916021,0.2737
2583,2688918,0.2737
2584,3249328,0.2735
2585,2713514,0.2735
2586,2810200,0.2734
2587,478404,0.2734
2588,1510423,0.2734
2589,630877,0.2734
2590,1208247,0.2731
2591,252650,0.273
2592,1237241,0.273
2593,3425397,0.273
2594,819746,0.2729
2595,20487,0.2728
2596,1230686,0.2728
2597,113993,0.2728
2598,364227,0.2727
2599,2135658,0.2727
2600,2930120,0.2727
2601,8630949,0.2726
2602,2537152,0.2726
2603,7440939,0.2726
2604,994691,0.2726
2605,8637756,0.2726
2606,8637765,0.2726
2607,8637920,0.2726
2608,8637830,0.2726
2609,1406506,0.2725
2610,2707039,0.2725
2611,7859821,0.2725
2612,1180797,0.2725
2613,1366133,0.2724
2614,2014036,0.2723
2615,2171027,0.2723
2616,4744801,0.2723
2617,6685549,0.2723
2618,3613056,0.2723
2619,382112,0.2722
2620,69362,0.2722
2621,6486637,0.2722
2622,2144016,0.2722
2623,2628,0.2721
2624,1410180,0.2721
2625,237968,0.2721
2626,2635342,0.2721
2627,8630945,0.272
2628,4866688,0.272
2629,4729847,0.2719
2630,3706446,0.2717
2631,6035943,0.2717
2632,7559147,0.2717
2633,2661411,0.2716
2634,6418341,0.2716
2635,6845133,0.2716
2636,1285443,0.2716
2637,3531609,0.2716
2638,3405941,0.2716
2639,8544379,0.2715
2640,6015282,0.2715
2641,7100704,0.2715
2642,7961960,0.2715
2643,94151,0.2713
2644,2437180,0.2713
2645,5338532,0.2713
2646,5302404,0.2712
2647,956571,0.2712
2648,8264765,0.2711
2649,48640,0.2711
2650,980437,0.2708
2651,4739708,0.2708
2652,68846,0.2707
2653,1385807,0.2707
2654,235821,0.2707
2655,458805,0.2706
2656,2660591,0.2706
2657,1976530,0.2706
2658,3367314,0.2705
2659,721986,0.2705
2660,1661484,0.2704
2661,1999485,0.2704
2662,55559,0.2704
2663,7440608,0.2704
2664,6282196,0.2703
2665,1179159,0.2702
2666,1539921,0.2702
2667,5169435,0.27
2668,724567,0.27
2669,4784575,0.2699
2670,593616,0.2698
2671,2131413,0.2698
2672,2770209,0.2697
2673,45771,0.2696
2674,1015066,0.2696
2675,8630883,0.2695
2676,1470027,0.2695
2677,2185772,0.2694
2678,3093758,0.2693
2679,2718513,0.2693
2680,5386651,0.2693
2681,3374230,0.2693
2682,4996890,0.2692
2683,2585843,0.2692
2684,6403186,0.2692
2685,5115119,0.2691
2686,1225286,0.2687
2687,2155903,0.2687
2688,6279110,0.2687
2689,1239975,0.2687
2690,2813606,0.2687
2691,3121894,0.2686
2692,2660775,0.2686
2693,2838997,0.2686
2694,2343738,0.2685
2695,2313006,0.2685
2696,41903,0.2684
2697,1309674,0.2684
2698,7233310,0.2684
2699,3730319,0.2683
2700,902766,0.2683
2701,2431678,0.2682
2702,1307464,0.2681
2703,2796988,0.2681
2704,3385513,0.2681
2705,2237442,0.268
2706,2857,0.2678
2707,6610074,0.2676
2708,2530082,0.2676
2709,1094853,0.2675
2710,8629818,0.2673
2711,2443812,0.2672
2712,2944202,0.2672
2713,3006269,0.267
2714,3012398,0.2669
2715,596260,0.2669
2716,1294198,0.2669
2717,2524808,0.2667
2718,1042522,0.2664
2719,3346156,0.2664
2720,1271544,0.2663
2721,1941034,0.2663
2722,2620522,0.2663
2723,3062339,0.2662
2724,1744572,0.2661
2725,4950361,0.266
2726,2321873,0.266
2727,540102,0.2659
2728,3670205,0.2655
2729,767471,0.2655
2730,25661,0.2652
2731,2162081,0.2652
2732,8629763,0.2651
2733,6164052,0.265
2734,2756892,0.2649
2735,2968008,0.2648
2736,1233831,0.2646
2737,279867,0.2646
2738,1889206,0.2646
2739,1178402,0.264
2740,686204,0.2636
2741,3276758,0.2634
2742,2666785,0.2634
2743,2216947,0.2633
2744,2328344,0.2631
2745,3428288,0.2629
2746,3453510,0.2624
2747,2491484,0.2624
2748,1065335,0.2622
2749,1750897,0.2622
2750,1406047,0.2621
2751,2824718,0.2618
2752,1658248,0.2617
2753,656746,0.2617
2754,3695327,0.2617
2755,603397,0.2617
2756,8631461,0.2616
2757,2622236,0.2615
2758,3688530,0.2611
2759,2883821,0.2611
2760,2854224,0.2611
2761,2858385,0.2611
2762,2717905,0.261
2763,1325190,0.2609
2764,1179318,0.2608
2765,1474696,0.2607
2766,336455,0.2607
2767,2686286,0.2606
2768,2901616,0.2605
2769,3535172,0.2605
2770,2471904,0.2604
2771,3457694,0.2602
2772,554754,0.2599
2773,2461574,0.2599
2774,2745947,0.2599
2775,7709135,0.2596
2776,3390836,0.2595
2777,2176114,0.2594
2778,2768738,0.2593
2779,2730161,0.2593
2780,2413852,0.259
2781,127612,0.2589
2782,3533338,0.2588
2783,570813,0.2587
2784,2034658,0.2587
2785,1006449,0.2585
2786,1993520,0.2583
2787,3282904,0.2583
2788,1911414,0.2582
2789,8054137,0.2582
2790,3566710,0.2581
2791,1736590,0.258
2792,2118654,0.2576
2793,1180014,0.2575
2794,2579269,0.2571
2795,3539952,0.257
2796,2635673,0.257
2797,1706310,0.2569
2798,1898991,0.2565
2799,3608299,0.2564
2800,2238598,0.2564
2801,12206,0.2562
2802,8630707,0.2562
2803,8630890,0.2562
2804,8630947,0.2562
2805,8630771,0.2562
2806,8630943,0.2562
2807,8630904,0.2562
2808,3054836,0.2562
2809,1064782,0.2562
2810,8358111,0.2562
2811,5506318,0.2562
2812,7342060,0.2562
2813,2255826,0.2561
2814,1259763,0.2559
2815,1289242,0.2557
2816,2944113,0.2556
2817,2692441,0.2556
2818,6275330,0.2556
2819,6963650,0.2554
2820,7610957,0.2552
2821,2927935,0.2552
2822,2423262,0.2551
2823,8630410,0.2551
2824,8630103,0.2551
2825,6203598,0.2551
2826,6954398,0.2551
2827,2925611,0.2545
2828,2171515,0.2542
2829,8165464,0.2542
2830,3233315,0.2542
2831,2842088,0.2539
2832,731032,0.2539
2833,8175356,0.2537
2834,3749331,0.2536
2835,1992247,0.2535
2836,3507697,0.2535
2837,2156675,0.2534
2838,242299,0.2534
2839,1116710,0.2534
2840,306596,0.2534
2841,845997,0.2531
2842,1012423,0.2529
2843,3736374,0.2528
2844,1430077,0.2528
2845,2744701,0.2528
2846,2860728,0.2528
2847,4975748,0.2528
2848,328405,0.2527
2849,2217057,0.2527
2850,385184,0.2525
2851,3011624,0.2521
2852,2761042,0.2519
2853,817288,0.2518
2854,3109174,0.2517
2855,49088,0.2517
2856,1800026,0.2506
2857,332160,0.2497
2858,3331001,0.2496
2859,2179217,0.2494
2860,2618267,0.2494
2861,2867854,0.2493
2862,2966460,0.2492
2863,1040364,0.2489
2864,2691439,0.248
2865,8631533,0.2477
2866,2479231,0.2477
2867,2054756,0.2472
2868,1914991,0.2471
2869,2660179,0.2466
2870,1698349,0.2459
2871,8637907,0.2459
2872,2357362,0.2456
2873,3378721,0.2456
2874,1301748,0.2455
2875,1517109,0.2455
2876,2520133,0.2454
2877,834220,0.2449
2878,644376,0.2448
2879,649242,0.2444
2880,2066189,0.2439
2881,3150822,0.2433
2882,3713132,0.2433
2883,817256,0.2431
2884,2373634,0.243
2885,1870478,0.2428
2886,1746709,0.2421
2887,2116525,0.2421
2888,8386982,0.241
2889,2949005,0.2404
2890,97862,0.2403
2891,2271549,0.2399
2892,2485822,0.2396
2893,5070782,0.2394
2894,46113,0.2393
2895,2585759,0.2393
2896,2758800,0.2391
2897,2258539,0.2391
2898,171012,0.2385
2899,1305152,0.2383
2900,1564347,0.2382
2901,2408642,0.2382
2902,270613,0.2381
2903,1030003,0.238
2904,3635754,0.2378
2905,2933756,0.2377
2906,235049,0.2375
2907,2706325,0.2374
2908,8320087,0.2374
2909,1181340,0.2372
2910,7933973,0.2368
2911,3020959,0.2368
2912,830272,0.2365
2913,8630915,0.2364
2914,2648633,0.2362
2915,544945,0.2361
2916,2860932,0.2358
2917,666695,0.2358
2918,1711287,0.2352
2919,6301916,0.2351
2920,706517,0.2351
2921,4635181,0.235
2922,1697046,0.2347
2923,645685,0.2343
2924,2328276,0.2341
2925,2830555,0.234
2926,3160250,0.234
2927,2445948,0.2339
2928,60136,0.2335
2929,2820951,0.2335
2930,353333,0.2335
2931,229655,0.2327
2932,334443,0.2327
2933,1022431,0.2325
2934,2201233,0.2324
2935,2113255,0.2321
2936,222394,0.2321
2937,3627586,0.232
2938,2657121,0.232
2939,20343,0.232
2940,125865,0.2319
2941,3571743,0.2319
2942,1242318,0.2317
2943,2147007,0.2315
2944,2784911,0.2313
2945,3404436,0.231
2946,252493,0.2308
2947,6832876,0.2305
2948,3339954,0.2302
2949,2577211,0.2301
2950,798004,0.2298
2951,2203413,0.2298
2952,187827,0.2297
2953,873120,0.2294
2954,571703,0.2294
2955,2864917,0.2291
2956,661445,0.2291
2957,3634463,0.2291
2958,5740257,0.2289
2959,1245579,0.2288
2960,3036887,0.2288
2961,1965725,0.2282
2962,2613214,0.228
2963,1851095,0.2276
2964,28042,0.2275
2965,2344706,0.2275
2966,2277661,0.2275
2967,2886260,0.2273
2968,5290672,0.2272
2969,3458794,0.2271
2970,64157,0.2269
2971,1997758,0.2269
2972,3072378,0.2266
2973,1384042,0.2264
2974,3384794,0.2263
2975,2268083,0.2263
2976,2123284,0.2263
2977,7773577,0.2262
2978,2840139,0.2262
2979,6114559,0.2256
2980,2814089,0.2254
2981,1699551,0.2253
2982,2425050,0.2248
2983,1174104,0.2247
2984,3488767,0.2245
2985,1940786,0.2239
2986,2296311,0.2232
2987,8629650,0.223
2988,358664,0.2229
2989,7989559,0.2225
2990,737963,0.2224
2991,1875914,0.2222
2992,2012096,0.2213
2993,977672,0.2212
2994,1222008,0.221
2995,2775024,0.2203
2996,814134,0.2202
2997,6553292,0.2202
2998,544891,0.2201
2999,334234,0.2193
3000,1789316,0.2191
3001,1582612,0.219
3002,1560461,0.2188
3003,248646,0.2187
3004,1254570,0.2185
3005,756596,0.2174
3006,3511224,0.2174
3007,7252602,0.2167
3008,1312869,0.2166
3009,2666508,0.2156
3010,2099376,0.2156
3011,3176572,0.215
3012,51791,0.2146
3013,2746570,0.2144
3014,3005550,0.2143
3015,3409866,0.2137
3016,3218312,0.2134
3017,1842786,0.2131
3018,832,0.2127
3019,2422047,0.2125
3020,2944765,0.2124
3021,1768482,0.2124
3022,3226343,0.2122
3023,2786785,0.2122
3024,3439989,0.2119
3025,901077,0.2117
3026,2463082,0.2109
3027,3141914,0.2109
3028,2623749,0.2103
3029,2793365,0.2103
3030,1210107,0.2101
3031,8635254,0.2097
3032,2838175,0.2096
3033,531566,0.2095
3034,2477883,0.2084
3035,3292604,0.2076
3036,1664183,0.2074
3037,3475712,0.2073
3038,1968048,0.206
3039,2037779,0.2057
3040,431228,0.2054
3041,2684353,0.2054
3042,3128813,0.2044
3043,2920851,0.2043
3044,2442770,0.2042
3045,578955,0.2037
3046,2805297,0.2031
3047,1270358,0.2031
3048,623007,0.203
3049,5429242,0.203
3050,2127434,0.2027
3051,1662279,0.2022
3052,1017373,0.2022
3053,165117,0.202
3054,8631605,0.2019
3055,4947158,0.2005
3056,1267286,0.1998
3057,6089779,0.1996
3058,1261946,0.1995
3059,3527802,0.1984
3060,3157510,0.1983
3061,3326452,0.1966
3062,118227,0.1964
3063,1857286,0.196
3064,6172101,0.1959
3065,1198911,0.1959
3066,2410612,0.1949
3067,2923461,0.1948
3068,2763044,0.1943
3069,537447,0.1941
3070,1015045,0.1938
3071,3402197,0.1937
3072,598320,0.1936
3073,2615419,0.1935
3074,2266094,0.1918
3075,2883324,0.1892
3076,2429382,0.1858
3077,2811731,0.1856
3078,2951075,0.1843
3079,536739,0.1807
3080,1170566,0.1806
3081,2405646,0.1805
3082,3460750,0.1798
3083,7652937,0.1797
3084,873253,0.1797
3085,6637555,0.1791
3086,2802726,0.1784
3087,584626,0.1779
3088,2488539,0.1738
3089,3400699,0.1732
3090,66263,0.173
3091,2131083,0.1714
3092,593911,0.1708
3093,7444171,0.1704
3094,8330660,0.1689
3095,2677669,0.1686
3096,3366202,0.1669
3097,3484181,0.1667
3098,3113781,0.1655
3099,8629597,0.1651
3100,7093371,0.1638
3101,8630424,0.1636
3102,3031007,0.1634
3103,2782467,0.1624
3104,133856,0.1612
3105,3555374,0.1602
3106,1582290,0.16
3107,3286739,0.16
3108,1584177,0.1597
3109,720823,0.158
3110,2125090,0.1565
3111,1423061,0.1545
3112,2914956,0.1538
3113,2942591,0.1534
3114,2574443,0.1522
3115,6759958,0.1512
3116,4662361,0.1497
3117,1523064,0.1497
3118,7172741,0.1496
3119,1696739,0.1494
3120,978634,0.1487
3121,3173770,0.1482
3122,2119120,0.1481
3123,3406838,0.1479
3124,273816,0.1466
3125,5257799,0.1456
3126,7910136,0.1451
3127,1051032,0.1447
3128,1978979,0.1443
3129,1913641,0.1439
3130,3201170,0.1438
3131,3211718,0.1426
3132,807332,0.1425
3133,8630446,0.1423
3134,2921644,0.142
3135,1002354,0.1414
3136,8629959,0.1413
3137,126043,0.1409
3138,528785,0.1409
3139,2902744,0.1399
3140,2753755,0.1398
3141,3496829,0.1396
3142,2747487,0.1396
3143,1929757,0.1395
3144,581275,0.1389
3145,2884102,0.1382
3146,354121,0.1378
3147,3001532,0.1371
3148,2470156,0.1369
3149,8629916,0.1367
3150,3561442,0.1364
3151,2213681,0.1361
3152,2800112,0.1354
3153,3308720,0.1353
3154,2409117,0.1339
3155,2587584,0.1325
3156,2441372,0.1323
3157,2912015,0.1312
3158,3077847,0.1301
3159,78164,0.1298
3160,1991423,0.1294
3161,2846431,0.1276
3162,454083,0.1266
3163,2625321,0.1252
3164,55773,0.1247
3165,2179317,0.1238
3166,7138008,0.1238
3167,131380,0.1236
3168,3755394,0.1234
3169,2418692,0.1206
3170,2856958,0.1205
3171,2862865,0.1171
3172,2542663,0.1038
3173,2459239,0.0568
3174,19,0.0296
3175,2438087,0.0048
3176,630652,0.0047
3177,114312,0.0047
3178,1636520,0.0046
3179,190814,0.0046
3180,592024,0.0045
3181,1522859,0.0045
3182,1770999,0.0045
3183,3086822,0.0045
3184,3024810,0.0045
3185,921343,0.0045
3186,3620605,0.0044
3187,792147,0.0044
3188,545092,0.0044
3189,1574026,0.0044
3190,1654033,0.0044
3191,589655,0.0044
3192,1795416,0.0044
3193,1863846,0.0044
3194,3004943,0.0044
3195,2020140,0.0044
3196,609270,0.0043
3197,635294,0.0043
3198,1973595,0.0043
3199,3365376,0.0043
3200,351328,0.0043
3201,361566,0.0043
3202,8647,0.0043
3203,3602913,0.0043
3204,1788638,0.0043
3205,182982,0.0043
3206,1214774,0.0043
3207,1226024,0.0043
3208,621052,0.0043
3209,3412789,0.0043
3210,733813,0.0043
3211,1944031,0.0043
3212,1947225,0.0043
3213,8634783,0.0043
3214,76318,0.0043
3215,1278623,0.0043
3216,104956,0.0043
3217,127374,0.0043
3218,3041378,0.0043
3219,3628687,0.0043
3220,1567875,0.0043
3221,3248745,0.0043
3222,433143,0.0043
3223,3333712,0.0043
3224,618449,0.0043
3225,3593975,0.0043
3226,907759,0.0043
3227,2062311,0.0043
3228,2078846,0.0043
3229,1409192,0.0043
3230,1507507,0.0043
3231,3243585,0.0043
3232,1615849,0.0043
3233,1644954,0.0043
3234,1678600,0.0043
3235,3341243,0.0043
3236,2749726,0.0043
3237,638786,0.0043
3238,713445,0.0043
3239,1847701,0.0043
3240,1857694,0.0043
3241,1881187,0.0043
3242,2976747,0.0043
3243,1326049,0.0043
3244,3026721,0.0043
3245,1342738,0.0043
3246,8636134,0.0043
3247,8636365,0.0043
3248,8636320,0.0043
3249,8636594,0.0043
3250,8636645,0.0043
3251,8636538,0.0043
3252,8636657,0.0043
3253,8636624,0.0043
3254,8636656,0.0043
3255,1783991,0.0043
3256,1806119,0.0043
3257,180060,0.0043
3258,180977,0.0043
3259,3078922,0.0043
3260,3501902,0.0043
3261,824257,0.0043
3262,3552974,0.0043
3263,2013987,0.0043
3264,3573502,0.0043
3265,876308,0.0043
3266,3588291,0.0043
3267,3630296,0.0043
3268,1211348,0.0042
3269,3391975,0.0042
3270,3405343,0.0042
3271,491460,0.0042
3272,2935019,0.0042
3273,1826670,0.0042
3274,8632779,0.0042
3275,133941,0.0042
3276,2489932,0.0042
3277,2623908,0.0042
3278,2141539,0.0042
3279,2271910,0.0042
3280,5517328,0.0042
3281,1146357,0.0042
3282,741796,0.0042
3283,3093878,0.0042
3284,280510,0.0042
3285,1193966,0.0042
3286,2929048,0.0042
3287,602249,0.0042
3288,3373466,0.0042
3289,1774016,0.0042
3290,653909,0.0042
3291,661515,0.0042
3292,1823475,0.0042
3293,1900360,0.0042
3294,1591880,0.0042
3295,8634745,0.0042
3296,45780,0.0042
3297,2966813,0.0042
3298,85803,0.0042
3299,86621,0.0042
3300,86200,0.0042
3301,91172,0.0042
3302,3004888,0.0042
3303,3014745,0.0042
3304,1316335,0.0042
3305,134310,0.0042
3306,143517,0.0042
3307,149057,0.0042
3308,171181,0.0042
3309,178758,0.0042
3310,1983257,0.0042
3311,1994432,0.0042
3312,880348,0.0042
3313,2027051,0.0042
3314,892434,0.0042
3315,2031879,0.0042
3316,2033181,0.0042
3317,894573,0.0042
3318,3620717,0.0042
3319,3627410,0.0042
3320,922963,0.0042
3321,2065680,0.0042
3322,3643457,0.0042
3323,3654422,0.0042
3324,2110032,0.0042
3325,3194213,0.0042
3326,3219496,0.0042
3327,1554538,0.0042
3328,379087,0.0042
3329,382986,0.0042
3330,3244398,0.0042
3331,1583350,0.0042
3332,3297423,0.0042
3333,1718345,0.0042
3334,1825281,0.0042
3335,1832326,0.0042
3336,1939471,0.0042
3337,1753377,0.0042
3338,3380448,0.0042
3339,667335,0.0042
3340,3447992,0.0042
3341,219984,0.0042
3342,1493089,0.0042
3343,3187411,0.0042
3344,467954,0.0042
3345,3294187,0.0042
3346,504821,0.0042
3347,1677214,0.0042
3348,2752336,0.0042
3349,2767968,0.0042
3350,2925683,0.0042
3351,1716080,0.0042
3352,1737707,0.0042
3353,3396387,0.0042
3354,665385,0.0042
3355,1851872,0.0042
3356,1864908,0.0042
3357,818016,0.0042
3358,1233420,0.0042
3359,8636081,0.0042
3360,8636289,0.0042
3361,8636615,0.0042
3362,638035,0.0042
3363,1775421,0.0042
3364,3406144,0.0042
3365,1792061,0.0042
3366,753474,0.0042
3367,784493,0.0042
3368,189159,0.0042
3369,2000168,0.0042
3370,1181473,0.0041
3371,2906716,0.0041
3372,15920,0.0041
3373,2922762,0.0041
3374,1213285,0.0041
3375,688668,0.0041
3376,1810316,0.0041
3377,3476034,0.0041
3378,745724,0.0041
3379,768238,0.0041
3380,1912182,0.0041
3381,818412,0.0041
3382,3523855,0.0041
3383,3276656,0.0041
3384,473011,0.0041
3385,3291145,0.0041
3386,1658376,0.0041
3387,3347621,0.0041
3388,1701588,0.0041
3389,3370186,0.0041
3390,627025,0.0041
3391,3404577,0.0041
3392,2671945,0.0041
3393,2682692,0.0041
3394,2747153,0.0041
3395,2899131,0.0041
3396,669376,0.0041
3397,428694,0.0041
3398,432932,0.0041
3399,1616005,0.0041
3400,1663895,0.0041
3401,8630952,0.0041
3402,8630912,0.0041
3403,881620,0.0041
3404,922589,0.0041
3405,3635427,0.0041
3406,3356350,0.0041
3407,3415234,0.0041
3408,680557,0.0041
3409,686445,0.0041
3410,3456794,0.0041
3411,1873407,0.0041
3412,341824,0.0041
3413,343231,0.0041
3414,1538571,0.0041
3415,360340,0.0041
3416,386724,0.0041
3417,3281680,0.0041
3418,1709267,0.0041
3419,2777320,0.0041
3420,1208290,0.0041
3421,8631195,0.0041
3422,8632318,0.0041
3423,8632628,0.0041
3424,8632649,0.0041
3425,8632695,0.0041
3426,8632805,0.0041
3427,71146,0.0041
3428,2992202,0.0041
3429,1308859,0.0041
3430,172746,0.0041
3431,3059908,0.0041
3432,185800,0.0041
3433,1156373,0.0041
3434,2574042,0.0041
3435,2656373,0.0041
3436,2712893,0.0041
3437,2734941,0.0041
3438,2762370,0.0041
3439,2136745,0.0041
3440,1033751,0.0041
3441,1064138,0.0041
3442,3756872,0.0041
3443,2243039,0.0041
3444,4641279,0.0041
3445,4737070,0.0041
3446,5109267,0.0041
3447,5242336,0.0041
3448,5612867,0.0041
3449,5772647,0.0041
3450,5789745,0.0041
3451,825250,0.0041
3452,3526057,0.0041
3453,860208,0.0041
3454,859766,0.0041
3455,867770,0.0041
3456,888561,0.0041
3457,905861,0.0041
3458,2096690,0.0041
3459,1059255,0.0041
3460,2225000,0.0041
3461,1088223,0.0041
3462,4670848,0.0041
3463,5974089,0.0041
3464,6207044,0.0041
3465,7127036,0.0041
3466,7157696,0.0041
3467,2316842,0.0041
3468,8188446,0.0041
3469,2409046,0.0041
3470,660537,0.0041
3471,1794959,0.0041
3472,1960598,0.0041
3473,1974966,0.0041
3474,3594125,0.0041
3475,201026,0.0041
3476,258534,0.0041
3477,1484514,0.0041
3478,1489414,0.0041
3479,3198275,0.0041
3480,1550039,0.0041
3481,360064,0.0041
3482,2913928,0.0041
3483,10443,0.0041
3484,21901,0.0041
3485,1209379,0.0041
3486,8528688,0.0041
3487,3372071,0.0041
3488,1774461,0.0041
3489,668028,0.0041
3490,3417023,0.0041
3491,1859676,0.0041
3492,1874044,0.0041
3493,769115,0.0041
3494,781988,0.0041
3495,1939849,0.0041
3496,1941928,0.0041
3497,379969,0.0041
3498,1568911,0.0041
3499,3313284,0.0041
3500,39371,0.0041
3501,41232,0.0041
3502,1249221,0.0041
3503,1255133,0.0041
3504,1257268,0.0041
3505,74870,0.0041
3506,1276198,0.0041
3507,1314180,0.0041
3508,148010,0.0041
3509,854325,0.0041
3510,858357,0.0041
3511,3595023,0.0041
3512,3644234,0.0041
3513,947379,0.0041
3514,3660363,0.0041
3515,955602,0.0041
3516,3705620,0.0041
3517,2166802,0.0041
3518,348295,0.0041
3519,590168,0.0041
3520,708851,0.0041
3521,1899521,0.0041
3522,859965,0.0041
3523,897988,0.0041
3524,2046062,0.0041
3525,1763317,0.0041
3526,1772099,0.0041
3527,1781772,0.0041
3528,195007,0.0041
3529,3105704,0.0041
3530,260422,0.0041
3531,1475346,0.0041
3532,302760,0.0041
3533,1612257,0.0041
3534,3332461,0.0041
3535,1688803,0.0041
3536,2755393,0.0041
3537,2918863,0.0041
3538,604357,0.0041
3539,635597,0.0041
3540,3416762,0.0041
3541,757079,0.0041
3542,802931,0.0041
3543,2970427,0.0041
3544,1789299,0.0041
3545,741024,0.0041
3546,1860744,0.0041
3547,777544,0.0041
3548,216173,0.0041
3549,898106,0.0041
3550,2920586,0.004
3551,805286,0.004
3552,3497683,0.004
3553,3509390,0.004
3554,1956211,0.004
3555,450681,0.004
3556,1651376,0.004
3557,1677705,0.004
3558,555847,0.004
3559,561699,0.004
3560,3356638,0.004
3561,580846,0.004
3562,1737225,0.004
3563,640599,0.004
3564,3405894,0.004
3565,1790048,0.004
3566,1791932,0.004
3567,677020,0.004
3568,2479626,0.004
3569,2519015,0.004
3570,2731817,0.004
3571,2783454,0.004
3572,648394,0.004
3573,3415515,0.004
3574,673305,0.004
3575,731853,0.004
3576,1685524,0.004
3577,8630359,0.004
3578,8631442,0.004
3579,1999521,0.004
3580,873753,0.004
3581,3598365,0.004
3582,3405081,0.004
3583,715661,0.004
3584,787318,0.004
3585,1540457,0.004
3586,386821,0.004
3587,578086,0.004
3588,1743028,0.004
3589,3400629,0.004
3590,3401626,0.004
3591,2844928,0.004
3592,2670630,0.004
3593,2767482,0.004
3594,6767,0.004
3595,2137258,0.004
3596,2217019,0.004
3597,1082147,0.004
3598,1980368,0.004
3599,2034585,0.004
3600,2079188,0.004
3601,962045,0.004
3602,1030306,0.004
3603,1037163,0.004
3604,2221788,0.004
3605,2372142,0.004
3606,708204,0.004
3607,786169,0.004
3608,1969416,0.004
3609,3120243,0.004
3610,361758,0.004
3611,737393,0.004
3612,1865284,0.004
3613,762033,0.004
3614,1899226,0.004
3615,1943288,0.004
3616,3526644,0.004
3617,457696,0.004
3618,507802,0.004
3619,8630247,0.004
3620,45140,0.004
3621,2965474,0.004
3622,1286304,0.004
3623,129150,0.004
3624,142405,0.004
3625,1982449,0.004
3626,865942,0.004
3627,3592125,0.004
3628,2037803,0.004
3629,3652566,0.004
3630,3654544,0.004
3631,3704905,0.004
3632,1529889,0.004
3633,1535884,0.004
3634,2081030,0.004
3635,392356,0.004
3636,3279343,0.004
3637,2791537,0.004
3638,2915722,0.004
3639,582773,0.004
3640,608505,0.004
3641,644551,0.004
3642,1771660,0.004
3643,1798212,0.004
3644,704736,0.004
3645,3026464,0.004
3646,165105,0.004
3647,8635777,0.004
3648,8636099,0.004
3649,8636142,0.004
3650,8636165,0.004
3651,8636086,0.004
3652,8636208,0.004
3653,8636471,0.004
3654,8636297,0.004
3655,8636475,0.004
3656,8636646,0.004
3657,8636654,0.004
3658,8636682,0.004
3659,8636686,0.004
3660,8636658,0.004
3661,8636687,0.004
3662,1773189,0.004
3663,745770,0.004
3664,1892671,0.004
3665,1895460,0.004
3666,1373707,0.004
3667,194243,0.004
3668,898744,0.004
3669,909144,0.004
3670,1208669,0.0039
3671,38775,0.0039
3672,1804980,0.0039
3673,1886914,0.0039
3674,779420,0.0039
3675,1900578,0.0039
3676,3613081,0.0039
3677,487656,0.0039
3678,1655880,0.0039
3679,571142,0.0039
3680,2528672,0.0039
3681,2599628,0.0039
3682,2774697,0.0039
3683,2875078,0.0039
3684,1908597,0.0039
3685,3347403,0.0039
3686,751267,0.0039
3687,1552070,0.0039
3688,1753050,0.0039
3689,1209391,0.0039
3690,7807500,0.0039
3691,2567306,0.0039
3692,2706651,0.0039
3693,7336220,0.0039
3694,1842589,0.0039
3695,776975,0.0039
3696,1405372,0.0039
3697,3108924,0.0039
3698,321078,0.0039
3699,20180,0.0039
3700,1801878,0.0039
3701,3440414,0.0039
3702,1872365,0.0039
3703,775700,0.0039
3704,1929293,0.0039
3705,820685,0.0039
3706,1970252,0.0039
3707,3246579,0.0039
3708,8634482,0.0039
3709,8634709,0.0039
3710,8634726,0.0039
3711,8634687,0.0039
3712,8634536,0.0039
3713,8634715,0.0039
3714,8634772,0.0039
3715,8634778,0.0039
3716,59865,0.0039
3717,82814,0.0039
3718,102788,0.0039
3719,3011699,0.0039
3720,1324096,0.0039
3721,856627,0.0039
3722,859416,0.0039
3723,3590513,0.0039
3724,912014,0.0039
3725,928296,0.0039
3726,943387,0.0039
3727,2126153,0.0039
3728,3716974,0.0039
3729,3358146,0.0039
3730,3474404,0.0039
3731,762578,0.0039
3732,3499125,0.0039
3733,3587902,0.0039
3734,2132257,0.0039
3735,999759,0.0039
3736,1749388,0.0039
3737,3372453,0.0039
3738,1398249,0.0039
3739,250045,0.0039
3740,1500782,0.0039
3741,3199017,0.0039
3742,3262103,0.0039
3743,2836728,0.0039
3744,2164728,0.0039
3745,1770749,0.0039
3746,779550,0.0039
3747,1270468,0.0039
3748,1287447,0.0039
3749,93406,0.0039
3750,8634494,0.0039
3751,8634424,0.0039
3752,8635135,0.0039
3753,8635231,0.0039
3754,8635604,0.0039
3755,8635730,0.0039
3756,1797052,0.0039
3757,675126,0.0039
3758,685389,0.0039
3759,1907248,0.0039
3760,166382,0.0039
3761,3560988,0.0039
3762,2056824,0.0039
3763,3629805,0.0039
3764,2060213,0.0039
3765,2921870,0.0038
3766,2943122,0.0038
3767,2944538,0.0038
3768,3564981,0.0038
3769,3274936,0.0038
3770,1696168,0.0038
3771,3349361,0.0038
3772,624995,0.0038
3773,3426728,0.0038
3774,2487055,0.0038
3775,2500475,0.0038
3776,3375082,0.0038
3777,3386126,0.0038
3778,454143,0.0038
3779,8631432,0.0038
3780,8631342,0.0038
3781,2042457,0.0038
3782,2042595,0.0038
3783,913423,0.0038
3784,1801848,0.0038
3785,1914235,0.0038
3786,1542458,0.0038
3787,3269730,0.0038
3788,511855,0.0038
3789,3364690,0.0038
3790,2818416,0.0038
3791,1178927,0.0038
3792,8632473,0.0038
3793,8632562,0.0038
3794,8632624,0.0038
3795,8632301,0.0038
3796,8632769,0.0038
3797,8632347,0.0038
3798,8632348,0.0038
3799,8632373,0.0038
3800,8632697,0.0038
3801,87231,0.0038
3802,1295423,0.0038
3803,7638602,0.0038
3804,1187735,0.0038
3805,5624212,0.0038
3806,851663,0.0038
3807,2115767,0.0038
3808,5595674,0.0038
3809,3426830,0.0038
3810,3476165,0.0038
3811,733942,0.0038
3812,795211,0.0038
3813,1939120,0.0038
3814,1972113,0.0038
3815,257110,0.0038
3816,15914,0.0038
3817,1196609,0.0038
3818,613108,0.0038
3819,3377685,0.0038
3820,667906,0.0038
3821,1859770,0.0038
3822,780148,0.0038
3823,809934,0.0038
3824,401898,0.0038
3825,1625118,0.0038
3826,2977066,0.0038
3827,3536900,0.0038
3828,875038,0.0038
3829,3588479,0.0038
3830,967022,0.0038
3831,2138648,0.0038
3832,2143375,0.0038
3833,1542246,0.0038
3834,360026,0.0038
3835,1562763,0.0038
3836,3080762,0.0038
3837,207970,0.0038
3838,1426516,0.0038
3839,388321,0.0038
3840,743543,0.0038
3841,1922052,0.0038
3842,2976713,0.0038
3843,1303091,0.0038
3844,108128,0.0038
3845,3006259,0.0038
3846,1228493,0.0038
3847,1418229,0.0038
3848,1948911,0.0038
3849,1225758,0.0037
3850,1821841,0.0037
3851,3466465,0.0037
3852,778200,0.0037
3853,829708,0.0037
3854,1967204,0.0037
3855,3537150,0.0037
3856,2009583,0.0037
3857,906250,0.0037
3858,1623300,0.0037
3859,1635052,0.0037
3860,678954,0.0037
3861,2527222,0.0037
3862,2686663,0.0037
3863,2737637,0.0037
3864,2743622,0.0037
3865,2756844,0.0037
3866,2763008,0.0037
3867,2831406,0.0037
3868,1744103,0.0037
3869,661777,0.0037
3870,1952037,0.0037
3871,1966146,0.0037
3872,1582216,0.0037
3873,8630106,0.0037
3874,8629753,0.0037
3875,8629947,0.0037
3876,8630374,0.0037
3877,8630615,0.0037
3878,8629749,0.0037
3879,2006676,0.0037
3880,926053,0.0037
3881,2090479,0.0037
3882,3337350,0.0037
3883,1740243,0.0037
3884,3384709,0.0037
3885,770267,0.0037
3886,1930752,0.0037
3887,1685623,0.0037
3888,3328706,0.0037
3889,1741074,0.0037
3890,625577,0.0037
3891,1753580,0.0037
3892,2763270,0.0037
3893,8629899,0.0037
3894,80730,0.0037
3895,128085,0.0037
3896,141162,0.0037
3897,1173717,0.0037
3898,2629263,0.0037
3899,886285,0.0037
3900,2084893,0.0037
3901,969272,0.0037
3902,2129405,0.0037
3903,713915,0.0037
3904,3468262,0.0037
3905,1913820,0.0037
3906,1914275,0.0037
3907,816833,0.0037
3908,2030406,0.0037
3909,2033045,0.0037
3910,206631,0.0037
3911,3127612,0.0037
3912,1918132,0.0037
3913,823554,0.0037
3914,1666152,0.0037
3915,8629238,0.0037
3916,47876,0.0037
3917,1995434,0.0037
3918,2023720,0.0037
3919,2148930,0.0037
3920,3259421,0.0037
3921,1913851,0.0037
3922,1949923,0.0037
3923,3517214,0.0037
3924,3519259,0.0037
3925,3444321,0.0037
3926,3184272,0.0037
3927,1189717,0.0037
3928,2914817,0.0037
3929,2931708,0.0037
3930,2981400,0.0037
3931,1225092,0.0037
3932,761565,0.0037
3933,780415,0.0037
3934,3483777,0.0037
3935,3082206,0.0037
3936,2943784,0.0036
3937,1232269,0.0036
3938,784783,0.0036
3939,445545,0.0036
3940,1630015,0.0036
3941,2463718,0.0036
3942,2513667,0.0036
3943,2521694,0.0036
3944,2746150,0.0036
3945,2782042,0.0036
3946,2869608,0.0036
3947,3253045,0.0036
3948,3294981,0.0036
3949,525201,0.0036
3950,522261,0.0036
3951,1719094,0.0036
3952,1287288,0.0036
3953,1304180,0.0036
3954,8099223,0.0036
3955,2355165,0.0036
3956,2533183,0.0036
3957,2596945,0.0036
3958,4905085,0.0036
3959,3631422,0.0036
3960,2099366,0.0036
3961,2128324,0.0036
3962,5906795,0.0036
3963,673786,0.0036
3964,1907554,0.0036
3965,1927776,0.0036
3966,1993411,0.0036
3967,1758930,0.0036
3968,3437131,0.0036
3969,3300948,0.0036
3970,1290734,0.0036
3971,131581,0.0036
3972,3058355,0.0036
3973,858613,0.0036
3974,903326,0.0036
3975,851940,0.0036
3976,1992521,0.0036
3977,3706584,0.0036
3978,3373322,0.0036
3979,1461231,0.0036
3980,3159047,0.0036
3981,146039,0.0036
3982,166141,0.0036
3983,1255298,0.0036
3984,3412341,0.0036
3985,1816396,0.0036
3986,178275,0.0036
3987,1376869,0.0036
3988,207063,0.0036
3989,845514,0.0036
3990,3585878,0.0036
3991,3623187,0.0036
3992,15420,0.0035
3993,2950126,0.0035
3994,3465713,0.0035
3995,3604809,0.0035
3996,2047028,0.0035
3997,504466,0.0035
3998,3350185,0.0035
3999,3373504,0.0035
4000,2660256,0.0035
4001,672205,0.0035
4002,865608,0.0035
4003,596353,0.0035
4004,1873779,0.0035
4005,1533661,0.0035
4006,1558407,0.0035
4007,1577320,0.0035
4008,425651,0.0035
4009,1731178,0.0035
4010,121830,0.0035
4011,3044239,0.0035
4012,859664,0.0035
4013,2049194,0.0035
4014,1078475,0.0035
4015,698374,0.0035
4016,709978,0.0035
4017,807773,0.0035
4018,3552054,0.0035
4019,265938,0.0035
4020,3169230,0.0035
4021,18061,0.0035
4022,648853,0.0035
4023,1580272,0.0035
4024,401945,0.0035
4025,477897,0.0035
4026,1252345,0.0035
4027,60208,0.0035
4028,843817,0.0035
4029,3636855,0.0035
4030,1617256,0.0035
4031,3348640,0.0035
4032,1876235,0.0035
4033,3380196,0.0035
4034,3383878,0.0035
4035,3426130,0.0035
4036,699047,0.0035
4037,2826474,0.0035
4038,3721134,0.0035
4039,1770166,0.0035
4040,664851,0.0035
4041,712729,0.0035
4042,3472848,0.0035
4043,3057058,0.0035
4044,1369112,0.0035
4045,1370668,0.0035
4046,874777,0.0035
4047,2035134,0.0035
4048,3605295,0.0035
4049,24094,0.0034
4050,751147,0.0034
4051,796746,0.0034
4052,1748961,0.0034
4053,2588352,0.0034
4054,2697318,0.0034
4055,1849810,0.0034
4056,668171,0.0034
4057,3055756,0.0034
4058,2394574,0.0034
4059,1115900,0.0034
4060,2036708,0.0034
4061,2317012,0.0034
4062,255806,0.0034
4063,1461189,0.0034
4064,3153405,0.0034
4065,275020,0.0034
4066,2915032,0.0034
4067,779924,0.0034
4068,2973174,0.0034
4069,2133574,0.0034
4070,2784523,0.0034
4071,1770367,0.0034
4072,650480,0.0034
4073,1779628,0.0034
4074,1870283,0.0034
4075,172422,0.0034
4076,3095455,0.0034
4077,3092899,0.0034
4078,1215712,0.0033
4079,36265,0.0033
4080,723074,0.0033
4081,620426,0.0033
4082,2522673,0.0033
4083,2615330,0.0033
4084,2829012,0.0033
4085,566369,0.0033
4086,2939617,0.0033
4087,2890148,0.0033
4088,2121814,0.0033
4089,1971827,0.0033
4090,3594294,0.0033
4091,3119246,0.0033
4092,276972,0.0033
4093,344659,0.0033
4094,3221545,0.0033
4095,1203188,0.0033
4096,1752913,0.0033
4097,1884357,0.0033
4098,1288481,0.0033
4099,3059881,0.0033
4100,853770,0.0033
4101,2045021,0.0033
4102,906260,0.0033
4103,1873298,0.0033
4104,762435,0.0033
4105,763972,0.0033
4106,811275,0.0033
4107,3559264,0.0033
4108,1774721,0.0033
4109,1327508,0.0033
4110,209341,0.0033
4111,515687,0.0032
4112,1745294,0.0032
4113,1874231,0.0032
4114,3533834,0.0032
4115,554528,0.0032
4116,8265788,0.0032
4117,2493319,0.0032
4118,2196430,0.0032
4119,7323340,0.0032
4120,1412603,0.0032
4121,1359507,0.0032
4122,176676,0.0032
4123,3229312,0.0032
4124,3401264,0.0032
4125,31999,0.0032
4126,8636636,0.0032
4127,1799994,0.0032
4128,1398836,0.0032
4129,3553135,0.0032
4130,472528,0.0031
4131,396106,0.0031
4132,94467,0.0031
4133,8295453,0.0031
4134,882194,0.0031
4135,842088,0.0031
4136,3074672,0.0031
4137,416523,0.0031
4138,173598,0.0031
4139,3455276,0.0031
4140,3549715,0.0031
4141,2959374,0.0031
4142,1364920,0.0031
4143,2039086,0.0031
4144,777271,0.003
4145,715128,0.003
4146,2937948,0.003
4147,8629585,0.003
4148,3283716,0.003
4149,2855303,0.003
4150,2894774,0.003
4151,1572069,0.003
4152,733527,0.003
4153,722442,0.003
4154,3514718,0.003
4155,3266108,0.0029
4156,504248,0.0029
4157,592173,0.0029
4158,608131,0.0029
4159,2776431,0.0029
4160,8631865,0.0029
4161,3288908,0.0029
4162,2793393,0.0029
4163,2928985,0.0029
4164,627535,0.0029
4165,1356633,0.0029
4166,1367460,0.0029
4167,858247,0.0029
4168,355829,0.0029
4169,3664216,0.0029
4170,3636918,0.0029
4171,805803,0.0028
4172,1641606,0.0028
4173,2493731,0.0028
4174,1714340,0.0028
4175,612143,0.0028
4176,1177267,0.0028
4177,5280495,0.0028
4178,2172373,0.0028
4179,824067,0.0028
4180,829156,0.0028
4181,399473,0.0028
4182,8632679,0.0028
4183,930887,0.0028
4184,2161622,0.0028
4185,1899119,0.0028
4186,1377671,0.0028
4187,1985465,0.0028
4188,2007344,0.0028
4189,1886201,0.0027
4190,1943049,0.0027
4191,1618724,0.0027
4192,534876,0.0027
4193,563677,0.0027
4194,3411032,0.0027
4195,2657169,0.0027
4196,2822544,0.0027
4197,680103,0.0027
4198,862825,0.0027
4199,1599790,0.0027
4200,436929,0.0027
4201,700867,0.0027
4202,1838856,0.0027
4203,192579,0.0027
4204,163464,0.0027
4205,3609037,0.0027
4206,2153228,0.0027
4207,693616,0.0027
4208,1718752,0.0027
4209,625605,0.0027
4210,724239,0.0027
4211,3412469,0.0027
4212,1848630,0.0027
4213,1406512,0.0027
4214,2030755,0.0027
4215,1236721,0.0026
4216,3288965,0.0026
4217,529374,0.0026
4218,2822817,0.0026
4219,2084745,0.0026
4220,3714898,0.0026
4221,1984847,0.0026
4222,595978,0.0026
4223,2895306,0.0026
4224,1265482,0.0026
4225,2096720,0.0026
4226,1016404,0.0026
4227,1219272,0.0025
4228,529382,0.0025
4229,3418357,0.0025
4230,2779146,0.0025
4231,2884578,0.0025
4232,711800,0.0025
4233,3492789,0.0025
4234,1235516,0.0025
4235,2782541,0.0025
4236,110887,0.0025
4237,1185625,0.0025
4238,1853709,0.0025
4239,1929420,0.0025
4240,1970469,0.0025
4241,1297993,0.0025
4242,2102673,0.0025
4243,3519913,0.0025
4244,2065051,0.0025
4245,667916,0.0024
4246,3476173,0.0024
4247,468743,0.0024
4248,3004400,0.0024
4249,1349322,0.0024
4250,3421223,0.0023
4251,868880,0.0023
4252,2043268,0.0023
4253,1409620,0.0023
4254,3061732,0.0023
4255,1532975,0.0023
4256,683589,0.0023
4257,2637676,0.0022
4258,1363001,0.0022
4259,802154,0.0022
4260,3085337,0.0022
4261,856837,0.0021
4262,860664,0.0021
4263,1786602,0.0021
4264,3438927,0.0021
4265,258679,0.0021
4266,847298,0.0021
4267,823617,0.0021
4268,3393810,0.0021
4269,3418913,0.002
4270,828697,0.002
4271,3616883,0.002
4272,732794,0.002
4273,3240528,0.002
4274,2590146,0.0019
4275,3358337,0.0019
4276,2774907,0.0019
4277,1271527,0.0019
4278,3021155,0.0019
4279,1000414,0.0019
4280,3233526,0.0019
4281,1560597,0.0019
4282,1986832,0.0019
4283,3591927,0.0019
4284,61836,0.0019
4285,195536,0.0019
4286,3560398,0.0018
4287,1859902,0.0017
4288,690896,0.0017
4289,490308,0.0017
4290,1264453,0.0017
4291,1603655,0.0017
4292,3594377,0.0017
4293,3687785,0.0017
4294,1181062,0.0017
4295,1305221,0.0017
4296,8636511,0.0017
4297,27355,0.0016
4298,3069698,0.0016
4299,3739361,0.0016
4300,5444258,0.0016
4301,5488845,0.0016
4302,6750636,0.0016
4303,1907610,0.0016
4304,2053761,0.0016
4305,1902350,0.0016
4306,3607550,0.0016
4307,1420095,0.0016
4308,428743,0.0016
4309,8634753,0.0016
4310,1271624,0.0016
4311,1938257,0.0016
4312,3543199,0.0016
4313,1993328,0.0016
4314,712098,0.0015
4315,1958239,0.0015
4316,2461256,0.0015
4317,2466669,0.0015
4318,2602735,0.0015
4319,2808307,0.0015
4320,3275962,0.0015
4321,66459,0.0015
4322,165463,0.0015
4323,184156,0.0015
4324,1969353,0.0015
4325,2335602,0.0015
4326,370061,0.0015
4327,3238542,0.0015
4328,3380121,0.0015
4329,3566164,0.0015
4330,2025498,0.0015
4331,3708431,0.0015
4332,2904431,0.0015
4333,1912888,0.0015
4334,93942,0.0015
4335,697924,0.0015
4336,2620177,0.0014
4337,2769861,0.0014
4338,2810292,0.0014
4339,585893,0.0014
4340,2695269,0.0014
4341,732374,0.0014
4342,818914,0.0014
4343,1982159,0.0013
4344,3552135,0.0013
4345,336530,0.0012
4346,3286447,0.0011
4347,3571395,0.0011
4348,520145,0.0011
4349,1322806,0.0011
4350,807091,0.001
