dimCustomerMasterId,year,productGrouping,totalSpent,recentDate,attendancePercent,renewedBeforeDays,source_tenure,tenure,distToVenue,recency,missed_games_1,missed_games_2,missed_games_over_2,isNextYear_Buyer,Label,Score_0,Score_1
42,2022,Flex Plan,312.0,2022-06-25,0.0,10,730,150,38.2,0,0,0,0,0,0,0.8668,0.1332
238,2022,Half Season,466.0,2022-05-14,0.75,6,365,217,14.62,1,1,0,0,0,0,0.9527,0.0473
313,2022,Full Season,1267.5,2022-03-12,1.0,103,365,103,3764.39,0,0,0,0,0,0,0.5185,0.4815
322,2022,Full Season,875.5,2022-06-25,0.75,159,1095,1054,29.38,0,1,1,0,0,1,0.3755,0.6245
454,2022,Full Season,700.4,2022-06-25,0.38,162,1095,1087,23.14,0,0,0,1,0,0,0.5208,0.4792
493,2022,Full Season,437.75,2022-05-22,0.25,159,730,988,30.3,1,2,0,1,0,0,0.8297,0.1703
501,2022,Full Season,1575.9,2022-05-28,0.38,100,730,972,17.84,0,0,0,1,0,0,0.8421,0.1579
552,2022,Full Season,3237.36,2022-04-09,0.5,32,730,963,82.18,0,0,1,0,0,0,0.8647,0.1353
649,2022,Full Season,875.5,2022-05-22,0.25,159,1095,1005,9.54,1,2,0,1,0,0,0.8373,0.1627
693,2022,Full Season,5253.0,2022-05-28,0.88,159,1095,964,26.75,0,1,0,0,0,0,0.7724,0.2276
745,2022,Full Season,963.05,1970-01-01,0.0,162,1095,999,26.22,0,0,0,1,0,1,0.3706,0.6294
788,2022,Full Season,2276.3,2022-06-25,0.75,99,730,963,12.75,2,1,1,0,0,0,0.6541,0.3459
933,2022,Full Season,1225.7,2022-06-25,0.88,106,1095,962,52.45,0,0,1,0,0,0,0.6992,0.3008
1042,2022,Full Season,1156.0,2022-05-22,0.44,32,365,257,12.29,1,2,1,0,0,0,0.8737,0.1263
1082,2022,Full Season,1050.6,2022-05-28,0.88,161,1095,1091,81.02,0,1,0,0,0,0,0.6357,0.3643
1120,2022,Full Season,2276.3,2022-06-25,0.88,101,1095,1091,17.51,1,2,0,0,0,1,0.4709,0.5291
1267,2022,Full Season,476.0,2022-04-24,0.5,9,1095,828,38.2,3,1,0,1,0,0,0.8218,0.1782
1348,2022,Full Season,875.5,2022-06-25,0.63,159,1095,1038,35.95,0,0,0,1,0,1,0.4086,0.5914
1383,2022,Full Season,510.0,2022-04-09,0.38,161,365,446,65.22,4,1,0,1,0,0,0.847,0.153
1505,2022,Full Season,664.02,1970-01-01,0.0,5,1095,1074,56.08,0,0,1,0,0,0,0.7193,0.2807
1781,2022,Full Season,2188.75,2022-06-25,0.85,159,1095,1054,10.46,0,1,0,0,0,1,0.3486,0.6514
1869,2022,Half Season,1440.0,2022-05-22,0.94,19,730,508,62.69,0,0,0,0,0,0,0.8836,0.1164
2004,2022,Full Season,2276.3,2022-04-24,0.31,162,730,980,17.84,3,0,1,1,0,0,0.5499,0.4501
2097,2022,Half Season,986.0,2022-05-22,0.33,28,365,491,21.65,0,0,1,0,0,0,0.8741,0.1259
2271,2022,Flex Plan,200.0,2022-06-25,0.0,15,730,81,12.75,0,0,0,0,0,0,0.8594,0.1406
2362,2022,Full Season,3414.45,2022-06-25,0.79,162,1095,991,59.73,0,0,1,0,0,1,0.415,0.585
2611,2022,Full Season,22100.0,2022-06-25,0.91,157,730,1101,48.37,0,1,0,0,0,1,0.369,0.631
2614,2022,Full Season,4028.38,2022-05-28,0.5,2,365,142,0.0,0,1,0,0,0,0,0.9434,0.0566
2669,2022,Full Season,397.22,1970-01-01,0.0,162,1095,918,9.54,0,0,0,1,0,0,0.603,0.397
2788,2022,Full Season,1530.0,2022-04-24,0.13,162,730,963,0.0,3,0,0,2,0,0,0.5948,0.4052
2832,2022,Full Season,5304.0,2022-05-22,0.5,88,365,354,11.08,1,2,1,0,0,0,0.8122,0.1878
2866,2022,Full Season,952.0,2022-06-25,0.75,73,730,453,38.79,0,2,0,0,0,0,0.7353,0.2647
2883,2022,Full Season,425.0,2022-06-25,0.5,159,730,745,56.49,0,0,0,1,0,0,0.785,0.215
2911,2022,Full Season,1138.15,2022-06-25,0.88,162,1095,1034,281.21,0,2,0,0,0,1,0.3064,0.6936
2920,2022,Full Season,437.75,1970-01-01,0.0,159,730,961,47.79,0,0,0,1,0,0,0.6558,0.3442
2962,2022,Full Season,5253.0,2022-06-25,0.94,159,1095,1083,27.58,0,1,0,0,0,1,0.3949,0.6051
3047,2022,Half Season,1138.0,2022-05-22,0.75,12,365,462,66.1,0,1,0,0,0,0,0.9449,0.0551
3064,2022,Full Season,1033.78,1970-01-01,0.0,162,1095,1000,60.17,0,0,0,1,0,1,0.3788,0.6212
3228,2022,Full Season,425.0,2022-06-25,0.75,159,730,990,11.45,0,0,0,1,0,1,0.4363,0.5637
3271,2022,Full Season,525.3,2022-05-28,0.88,161,1095,1051,23.35,0,1,0,0,0,0,0.662,0.338
3359,2022,Full Season,787.95,1970-01-01,0.0,162,1095,1067,24.84,0,0,0,1,0,1,0.3787,0.6213
3443,2022,Full Season,7004.0,2022-05-28,0.38,79,730,962,21.65,0,2,0,1,0,0,0.8525,0.1475
3606,2022,Full Season,875.5,2022-05-28,0.63,159,1095,1054,41.7,0,3,0,0,0,0,0.7338,0.2662
3617,2022,Full Season,1050.6,2022-06-25,0.63,161,1095,1055,0.0,0,2,0,0,0,1,0.389,0.611
3620,2022,Full Season,452.0,2022-06-25,0.88,25,365,508,26.75,0,2,0,0,0,0,0.7365,0.2635
3641,2022,Full Season,221.85,1970-01-01,0.0,114,365,157,27.58,0,0,0,1,0,0,0.8034,0.1966
3747,2022,Full Season,437.75,2022-06-25,0.88,101,1095,1095,39.09,0,2,0,0,0,0,0.588,0.412
3825,2022,Full Season,578.62,2022-05-28,1.0,53,1095,941,42.31,0,0,0,0,0,0,0.86,0.14
3876,2022,Full Season,453.49,2022-05-28,0.88,0,0,225,0.0,0,1,0,0,0,0,0.963,0.037
3960,2022,Full Season,7956.0,2022-05-28,0.79,87,365,312,2.83,0,1,0,0,0,0,0.8097,0.1903
3990,2022,Full Season,1575.9,2022-06-25,0.81,99,730,968,29.06,1,2,0,0,0,0,0.6509,0.3491
3993,2022,Full Season,256.64,2022-03-12,0.5,29,365,71,12.29,2,0,1,0,0,0,0.8018,0.1982
4029,2022,Full Season,2889.15,2022-06-25,0.63,162,730,976,17.84,1,1,1,0,0,1,0.3902,0.6098
4065,2022,Full Season,1926.1,2022-05-14,0.5,99,1095,978,48.37,2,0,2,0,0,0,0.8784,0.1216
4189,2022,Full Season,1156.0,2022-05-28,0.75,66,365,291,33.23,0,1,0,0,0,0,0.8214,0.1786
4284,2022,Full Season,1156.0,2022-06-25,0.75,78,365,303,82.18,0,2,0,0,0,0,0.7619,0.2381
4296,2022,Full Season,194.34,2022-04-09,0.25,159,1095,815,63.09,0,0,0,1,0,0,0.8287,0.1713
4764,2022,Full Season,3151.8,2022-04-24,0.25,162,1095,1094,37.83,3,0,0,2,0,1,0.3621,0.6379
4866,2022,Full Season,6128.5,2022-05-14,0.38,162,1095,1108,20.98,2,3,1,0,0,0,0.6696,0.3304
4873,2022,Full Season,7004.0,2022-06-25,0.81,162,1095,1111,9.54,0,2,0,0,0,1,0.3296,0.6704
4888,2022,Full Season,1926.1,2022-06-25,1.0,101,1095,1073,82.18,0,1,0,0,0,0,0.5806,0.4194
4919,2022,Full Season,15759.0,2022-06-25,0.31,159,1095,1091,47.39,2,1,2,0,0,1,0.4475,0.5525
4941,2022,Full Season,437.75,2022-06-25,0.75,159,1095,1000,273.73,0,0,0,1,0,1,0.4104,0.5896
4954,2022,Full Season,2315.8,2022-06-25,0.0,22,0,128,52.21,0,0,0,0,0,0,0.9178,0.0822
4998,2022,Full Season,119.42,1970-01-01,0.0,162,1095,761,29.59,0,1,0,0,0,0,0.61,0.39
4999,2022,Full Season,437.75,2022-06-25,0.63,159,1095,1054,26.22,0,2,1,0,0,0,0.5046,0.4954
5048,2022,Full Season,437.75,2022-06-25,0.88,159,730,963,53.53,0,0,1,0,0,0,0.7188,0.2812
5051,2022,Full Season,5304.0,2022-06-25,1.0,85,365,430,27.17,0,1,0,0,0,0,0.7122,0.2878
5084,2022,Full Season,437.75,2022-05-14,0.5,159,1095,1054,58.29,2,2,1,0,0,0,0.7788,0.2212
5200,2022,Full Season,118.04,2022-02-26,1.0,9,365,248,17.84,0,0,0,0,0,0,0.6947,0.3053
5359,2022,Full Season,3064.25,2022-05-28,0.63,162,730,808,300.61,0,3,0,0,0,0,0.8071,0.1929
5410,2022,Full Season,596.48,1970-01-01,0.0,22,365,390,19.18,0,0,0,0,0,0,0.7459,0.2541
5501,2022,Full Season,2626.5,2022-05-22,0.5,159,1095,1103,1852.66,1,2,1,0,0,0,0.7381,0.2619
5506,2022,Full Season,2626.5,1970-01-01,0.0,159,1095,979,47.79,0,0,0,1,0,1,0.3793,0.6207
5530,2022,Full Season,437.75,2022-05-22,0.5,159,730,600,0.0,1,1,0,1,0,0,0.8189,0.1811
5557,2022,Full Season,2363.85,2022-05-28,0.33,162,1095,1090,26.81,0,2,0,1,0,0,0.6948,0.3052
5572,2022,Full Season,476.0,2022-03-12,0.25,81,730,306,33.23,6,0,0,1,0,0,0.7415,0.2585
5580,2022,Full Season,1575.9,2022-06-25,0.44,2,1095,1095,58.29,0,2,0,1,0,0,0.7687,0.2313
5589,2022,Full Season,476.0,2022-06-25,0.63,25,730,393,50.46,1,1,0,1,0,0,0.7492,0.2508
5627,2022,Full Season,5804.34,2022-05-28,0.29,14,1095,1076,62.69,0,0,1,1,0,0,0.9504,0.0496
5830,2022,Full Season,2363.85,2022-06-25,0.75,162,1095,1049,46.25,0,1,1,0,0,1,0.3541,0.6459
5889,2022,Full Season,1575.9,2022-06-25,0.75,162,365,516,70.93,1,1,1,0,0,0,0.6818,0.3182
6118,2022,Full Season,2276.3,2022-06-25,0.88,162,1095,1095,60.17,1,2,0,0,0,1,0.2867,0.7133
6230,2022,Full Season,1084.32,2022-05-22,0.14,101,365,505,63.09,1,1,0,1,0,0,0.782,0.218
6281,2022,Flex Plan,672.0,1970-01-01,0.0,39,1095,1059,11.04,0,1,0,0,0,0,0.5504,0.4496
6323,2022,Full Season,5690.75,2022-05-28,0.85,162,1095,1070,2.83,0,1,0,0,0,0,0.5956,0.4044
6477,2022,Full Season,1575.9,2022-06-25,0.88,162,1095,1088,56.08,0,2,0,0,0,1,0.2763,0.7237
6529,2022,Full Season,2276.3,2022-05-28,0.63,162,365,517,8.55,0,0,0,1,0,0,0.7373,0.2627
6669,2022,Full Season,326.65,1970-01-01,0.0,162,1095,948,6.46,0,0,0,1,0,0,0.5207,0.4793
6678,2022,Full Season,1400.8,2022-06-25,0.75,162,365,452,8.55,0,1,1,0,0,0,0.6144,0.3856
6766,2022,Full Season,1926.1,2022-05-28,0.56,162,1095,1054,33.3,0,1,1,0,0,0,0.6621,0.3379
6798,2022,Full Season,2626.5,2022-06-25,0.88,159,1095,1053,5.79,0,2,0,0,0,1,0.2497,0.7503
6981,2022,Full Season,2276.3,2022-06-25,0.75,100,1095,1066,23.14,1,3,0,0,0,0,0.5601,0.4399
6986,2022,Full Season,1575.9,2022-04-09,0.13,162,1095,1053,10.85,4,0,0,2,0,1,0.3941,0.6059
7003,2022,Full Season,411.19,2022-03-12,1.0,1,365,15,0.0,0,0,0,0,0,0,0.5478,0.4522
7058,2022,Half Season,2436.0,2022-05-22,0.8,9,1095,976,17.91,0,0,0,0,0,0,0.9576,0.0424
7090,2022,Full Season,2276.3,2022-06-25,0.63,103,730,1076,12.75,0,1,1,0,0,0,0.5567,0.4433
7129,2022,Full Season,1271.22,2022-05-28,0.75,162,0,960,0.0,0,0,1,0,0,0,0.8235,0.1765
7140,2022,Full Season,903.34,2022-04-09,0.14,162,730,951,5.68,3,0,0,2,0,0,0.6413,0.3587
7516,2022,Half Season,296.0,2022-05-28,0.67,17,730,944,34.74,0,1,0,0,0,0,0.9049,0.0951
7558,2022,Full Season,1400.8,2022-06-25,0.56,99,730,670,27.58,0,0,0,1,0,0,0.7504,0.2496
7647,2022,Full Season,2276.3,2022-05-14,0.38,162,1095,1090,46.25,2,0,1,1,0,0,0.7035,0.2965
7702,2022,Full Season,952.0,2022-06-25,0.69,21,0,246,12.75,1,3,0,0,0,0,0.8696,0.1304
7836,2022,Full Season,2188.96,2022-06-25,0.93,47,365,272,5.68,0,1,0,0,0,0,0.6485,0.3515
7852,2022,Full Season,787.95,2022-05-14,0.38,162,1095,1055,23.26,2,1,2,0,0,0,0.7224,0.2776
7952,2022,Flex Plan,134.0,2022-06-25,0.0,15,365,326,2.83,0,0,0,0,0,0,0.9505,0.0495
8006,2022,Full Season,2276.3,2022-06-25,0.38,162,730,944,59.73,1,2,0,1,0,0,0.6494,0.3506
8043,2022,Flex Plan,335.0,1970-01-01,0.0,15,1095,875,17.84,0,0,0,0,0,0,0.7643,0.2357
8117,2022,Full Season,2210.0,2022-06-25,0.88,162,1095,1081,21.19,1,2,0,0,0,1,0.2664,0.7336
8309,2022,Flex Plan,222.0,1970-01-01,0.0,14,365,32,10.46,0,0,0,0,0,0,0.7873,0.2127
8482,2022,Full Season,653.3,2022-04-24,0.2,162,1095,947,50.84,0,0,0,1,0,0,0.7815,0.2185
8923,2022,Full Season,787.95,2022-06-25,0.63,101,1095,1076,11.98,1,2,1,0,0,0,0.584,0.416
8950,2022,Full Season,1050.6,2022-06-25,0.38,161,1095,1055,27.17,6,0,0,1,0,1,0.4424,0.5576
9004,2022,Full Season,1267.5,2022-05-22,1.0,3,0,3,0.0,0,0,0,0,0,0,0.9577,0.0423
9101,2022,Full Season,875.5,2022-04-09,0.25,159,1095,1054,47.74,4,0,1,1,0,0,0.5373,0.4627
9132,2022,Full Season,4377.5,2022-06-25,0.75,99,730,992,27.17,1,1,1,0,0,0,0.5407,0.4593
9281,2022,Full Season,4692.0,2022-06-25,0.56,87,365,388,48.26,2,1,1,0,0,0,0.8402,0.1598
9380,2022,Full Season,6662.88,2022-05-28,0.56,101,1095,1089,70.42,0,1,1,0,0,0,0.8199,0.1801
9420,2022,Full Season,1400.8,2022-05-22,0.56,162,1095,1047,19.18,1,1,1,0,0,0,0.7007,0.2993
9450,2022,Full Season,437.75,2022-06-25,0.5,159,730,986,8.55,0,0,1,1,0,0,0.5295,0.4705
9542,2022,Full Season,2626.5,2022-05-28,0.38,32,1095,1102,44.96,0,0,0,1,0,0,0.8697,0.1303
9591,2022,Full Season,4420.0,2022-06-25,0.88,101,1095,1068,21.65,0,1,0,0,0,0,0.5792,0.4208
9627,2022,Full Season,1575.9,2022-06-25,0.58,72,1095,1090,10.85,0,1,1,0,0,0,0.5937,0.4063
9815,2022,Full Season,1105.0,2022-06-25,1.0,123,1095,1083,23.26,0,1,0,0,0,0,0.5312,0.4688
10019,2022,Full Season,1050.6,2022-06-25,0.25,100,1095,1054,17.84,7,0,0,1,0,0,0.5309,0.4691
10135,2022,Full Season,700.4,1970-01-01,0.0,162,730,963,33.23,0,0,0,1,0,0,0.5357,0.4643
10202,2022,Full Season,850.72,2022-03-12,0.27,86,365,373,6.14,4,0,0,1,0,0,0.7426,0.2574
10368,2022,Full Season,700.4,2022-05-22,0.75,162,730,968,17.84,1,2,0,0,0,0,0.7333,0.2667
10675,2022,Full Season,2276.3,2022-05-14,0.56,162,730,983,19.63,2,1,1,0,0,0,0.7037,0.2963
10964,2022,Full Season,1575.9,2022-06-25,0.63,44,730,747,51.41,1,2,1,0,0,0,0.7786,0.2214
10998,2022,Full Season,5253.0,1970-01-01,0.0,159,730,864,41.92,0,0,0,1,0,0,0.5402,0.4598
11051,2022,Full Season,2276.3,2022-06-25,0.81,15,1095,1075,63.09,1,2,0,0,0,0,0.704,0.296
11071,2022,Full Season,2805.0,2022-05-28,0.5,101,1095,531,22.27,0,1,1,0,0,0,0.8726,0.1274
11130,2022,Full Season,935.0,2022-06-25,1.0,162,730,1000,50.09,0,1,0,0,0,1,0.2992,0.7008
11139,2022,Full Season,875.5,2022-06-25,0.69,159,1095,1084,149.03,0,1,1,0,0,1,0.4246,0.5754
11215,2022,Full Season,2101.2,2022-06-25,0.63,161,1095,1053,46.25,0,1,1,0,0,1,0.4195,0.5805
11350,2022,Full Season,3414.45,2022-06-25,0.29,162,1095,1094,23.35,3,0,1,1,0,1,0.3257,0.6743
11429,2022,Full Season,1632.0,2022-05-28,0.5,60,365,285,47.74,0,0,0,1,0,0,0.8326,0.1674
11445,2022,Full Season,476.0,2022-06-25,1.0,34,365,259,19.63,0,1,0,0,0,0,0.8184,0.1816
11506,2022,Full Season,875.5,1970-01-01,0.0,38,1095,1027,46.25,0,0,0,1,0,0,0.6032,0.3968
11631,2022,Full Season,459.46,2022-06-25,0.88,162,1095,1058,1.84,0,0,1,0,0,1,0.3398,0.6602
11912,2022,Full Season,3151.8,2022-05-22,0.56,162,1095,1112,25.94,1,3,0,0,0,0,0.7231,0.2769
11921,2022,Full Season,1575.9,2022-03-12,0.06,162,730,976,46.25,6,1,0,1,0,1,0.3591,0.6409
12004,2022,Full Season,2244.0,2022-06-25,0.88,67,365,292,324.38,0,0,1,0,0,0,0.7031,0.2969
12020,2022,Full Season,8755.0,2022-05-28,0.78,159,1095,1114,53.53,0,1,0,0,0,0,0.7137,0.2863
12090,2022,Full Season,476.0,2022-06-25,0.75,39,730,479,2.83,0,3,0,0,0,0,0.742,0.258
12107,2022,Full Season,1575.9,2022-05-28,0.38,161,1095,1075,65.22,0,1,0,1,0,0,0.7118,0.2882
12152,2022,Full Season,875.5,2022-05-28,0.13,24,1095,864,59.73,0,0,0,1,0,0,0.6883,0.3117
12480,2022,Full Season,6566.25,2022-05-28,0.21,159,730,977,48.37,0,0,0,1,0,0,0.7522,0.2478
12524,2022,Full Season,841.1,2022-06-25,1.0,4,730,144,37.83,0,0,0,0,0,0,0.7771,0.2229
12547,2022,Full Season,646.21,2022-06-25,0.25,162,1095,668,74.68,0,0,0,1,0,0,0.7294,0.2706
12551,2022,Full Season,247.42,1970-01-01,0.0,162,1095,858,59.13,0,0,0,1,0,0,0.6625,0.3375
12696,2022,Full Season,1138.15,2022-05-22,0.75,100,1095,1054,25.94,1,2,0,0,0,0,0.8512,0.1488
13075,2022,Full Season,2188.75,1970-01-01,0.0,1,730,975,50.84,0,0,0,1,0,0,0.6107,0.3893
13116,2022,Full Season,2276.3,2022-06-25,0.75,162,1095,1089,58.29,1,3,0,0,0,1,0.3502,0.6498
13125,2022,Full Season,251.24,2022-03-12,0.4,159,730,818,29.38,3,0,0,1,0,0,0.7342,0.2658
13304,2022,Full Season,437.75,2022-04-24,0.25,159,730,964,13.37,3,1,1,1,0,0,0.8263,0.1737
13427,2022,Full Season,3151.8,2022-04-24,0.33,159,1095,1116,178.22,3,0,1,1,0,1,0.4684,0.5316
13443,2022,Full Season,5950.0,2022-06-25,1.0,162,730,958,26.75,0,1,0,0,0,0,0.5875,0.4125
13492,2022,Full Season,1530.0,2022-05-28,0.56,162,1095,1053,11.36,0,3,0,0,0,0,0.6666,0.3334
13495,2022,Full Season,10200.0,2022-06-25,0.78,100,0,325,15.07,0,2,0,0,0,0,0.8984,0.1016
13500,2022,Full Season,22100.0,2022-05-14,0.44,158,1095,1101,47.74,2,0,2,0,0,0,0.7573,0.2427
13541,2022,Full Season,309.88,2022-06-25,1.5,5,0,151,25.94,0,0,0,0,0,0,0.9374,0.0626
13603,2022,Full Season,1428.0,2022-06-25,0.81,53,1095,1094,41.92,0,0,1,0,0,0,0.5704,0.4296
13608,2022,Full Season,4552.6,2022-06-25,0.88,79,1095,1073,26.81,0,1,0,0,0,0,0.5792,0.4208
13761,2022,Full Season,1313.25,2022-06-25,0.83,95,1095,1090,17.0,0,2,0,0,0,0,0.5206,0.4794
13791,2022,Full Season,4552.6,2022-06-25,0.78,162,365,521,33.3,0,0,1,0,0,0,0.7236,0.2764
13849,2022,Full Season,1050.6,2022-06-25,1.0,161,1095,1053,48.37,0,1,0,0,0,1,0.2881,0.7119
14109,2022,Full Season,10506.0,2022-06-25,0.88,159,1095,1109,38.15,0,0,1,0,0,1,0.3874,0.6126
14136,2022,Full Season,3400.0,2022-03-12,0.03,75,730,747,10.7,6,1,0,1,0,0,0.6001,0.3999
14302,2022,Full Season,2188.75,2022-05-28,0.13,1,730,975,59.73,0,0,0,1,0,0,0.8864,0.1136
14387,2022,Full Season,2276.3,2022-05-28,0.56,162,730,978,11.36,0,0,0,1,0,0,0.6878,0.3122
14489,2022,Full Season,10608.0,2022-06-25,0.63,82,365,515,17.0,0,0,1,0,0,0,0.7845,0.2155
14692,2022,Full Season,2210.0,2022-06-25,0.81,103,1095,1076,19.18,0,2,0,0,0,0,0.5206,0.4794
14763,2022,Full Season,2276.3,2022-02-26,0.13,162,1095,1116,47.74,7,0,0,1,0,0,0.5124,0.4876
15154,2022,Full Season,437.75,2022-05-22,0.5,159,1095,1054,52.45,1,4,0,0,0,0,0.7565,0.2435
15380,2022,Full Season,1926.1,2022-05-14,0.44,68,730,293,27.17,2,2,1,0,0,0,0.8495,0.1505
15440,2022,Full Season,1575.9,2022-05-22,0.63,110,1095,1062,10.85,1,3,0,0,0,0,0.8454,0.1546
15529,2022,Full Season,875.5,2022-06-25,1.0,117,1095,1080,45.06,0,1,0,0,0,0,0.5451,0.4549
15535,2022,Full Season,2346.0,2022-06-25,0.94,54,730,978,10.5,0,1,0,0,0,1,0.4404,0.5596
15593,2022,Full Season,3064.25,2022-05-22,0.5,162,1095,1114,48.37,1,1,0,1,0,0,0.6786,0.3214
15703,2022,Full Season,7004.0,2022-05-28,0.88,162,730,727,8.55,0,1,0,0,0,0,0.7453,0.2547
15715,2022,Full Season,5253.0,2022-05-22,0.5,159,730,957,9.54,1,2,1,0,0,0,0.7785,0.2215
15816,2022,Full Season,2346.0,2022-05-28,0.38,33,365,431,42.31,0,0,1,1,0,0,0.8967,0.1033
15980,2022,Full Season,1050.6,2022-06-25,0.69,161,1095,1084,17.84,0,1,1,0,0,1,0.3431,0.6569
16015,2022,Full Season,226.15,1970-01-01,0.0,162,1095,919,26.68,0,0,0,1,0,0,0.6595,0.3405
16036,2022,Full Season,437.75,2022-06-25,0.38,159,1095,1026,34.74,1,1,0,1,0,0,0.6235,0.3765
16046,2022,Full Season,7004.0,2022-06-25,0.75,110,1095,1110,10.85,0,0,0,1,0,0,0.517,0.483
16070,2022,Full Season,1050.6,2022-05-28,0.56,161,1095,1082,10.85,0,0,1,0,0,0,0.6829,0.3171
16072,2022,Full Season,875.5,2022-04-09,0.31,159,1095,1054,16.2,4,1,0,1,0,0,0.5209,0.4791
16175,2022,Full Season,1575.9,2022-06-25,1.0,162,1095,1090,44.7,0,1,0,0,0,1,0.3006,0.6994
16192,2022,Half Season,2436.0,2022-05-22,0.8,1,0,226,20.13,0,1,0,0,0,0,0.9358,0.0642
16245,2022,Full Season,4040.0,1970-01-01,0.0,102,1095,1101,63.09,0,0,0,1,0,1,0.416,0.584
16331,2022,Full Season,476.0,2022-05-22,0.38,53,730,718,25.94,1,1,0,1,0,0,0.8828,0.1172
16378,2022,Full Season,4552.6,2022-05-28,0.19,162,1095,1054,37.83,0,0,0,1,0,0,0.6034,0.3966
16416,2022,Full Season,5253.0,2022-06-25,1.0,159,1095,1108,1.84,0,1,0,0,0,1,0.3063,0.6937
16426,2022,Full Season,1400.8,2022-05-14,0.38,79,1095,969,52.45,2,0,1,1,0,0,0.8824,0.1176
16483,2022,Full Season,525.3,2022-05-28,0.75,50,365,808,70.93,0,2,0,0,0,0,0.843,0.157
16535,2022,Full Season,1843.82,2022-06-25,1.0,19,365,244,17.84,0,1,0,0,0,0,0.7582,0.2418
16539,2022,Full Season,6128.5,2022-06-25,0.94,162,1095,1110,8.55,0,1,0,0,0,1,0.2863,0.7137
16613,2022,Full Season,4377.5,2022-06-25,0.94,102,730,1003,8.11,0,1,0,0,0,0,0.5573,0.4427
16656,2022,Full Season,579.22,2022-04-09,0.29,14,1095,578,23.26,1,1,1,0,0,0,0.8375,0.1625
16775,2022,Full Season,1400.8,2022-06-25,0.56,162,1095,1054,23.14,0,2,1,0,0,1,0.426,0.574
16892,2022,Full Season,6128.5,2022-05-22,0.31,162,730,711,51.68,1,1,0,1,0,0,0.7741,0.2259
16924,2022,Full Season,2276.3,2022-03-12,0.25,162,1095,1070,33.3,6,0,0,1,0,1,0.2821,0.7179
17101,2022,Full Season,247.42,1970-01-01,0.0,162,730,782,17.91,0,0,0,1,0,0,0.6631,0.3369
17137,2022,Full Season,2276.3,2022-06-25,0.63,162,1095,1056,49.95,2,0,2,0,0,1,0.4507,0.5493
17184,2022,Full Season,437.75,2022-04-24,0.13,114,1095,1033,13.37,3,0,0,2,0,0,0.6349,0.3651
17191,2022,Half Season,1160.0,2022-05-22,0.6,5,1095,1091,47.79,0,2,0,0,0,0,0.9548,0.0452
17316,2022,Full Season,1575.9,2022-06-25,0.25,115,1095,1111,11.04,7,0,0,1,0,0,0.5319,0.4681
17341,2022,Full Season,12257.0,2022-05-28,0.78,68,1095,1063,10.7,0,1,0,0,0,0,0.8074,0.1926
17412,2022,Full Season,2224.92,1970-01-01,0.0,159,730,831,10.5,0,0,0,1,0,0,0.578,0.422
17418,2022,Full Season,2276.3,2022-05-28,0.63,162,730,958,48.37,0,1,1,0,0,0,0.728,0.272
17483,2022,Half Season,414.0,2022-02-26,1.0,8,1095,826,63.09,0,0,0,0,0,0,0.7779,0.2221
17484,2022,Full Season,3151.8,2022-06-25,0.88,100,1095,1091,35.95,0,1,0,0,0,0,0.5831,0.4169
17489,2022,Full Season,787.95,2022-05-22,0.38,162,1095,1070,20.13,1,1,2,0,0,0,0.7669,0.2331
17524,2022,Full Season,5253.0,2022-06-25,0.94,159,730,944,6.46,0,1,0,0,0,0,0.5533,0.4467
17545,2022,Full Season,2346.0,2022-06-25,0.81,162,365,387,23.14,1,2,0,0,0,0,0.5782,0.4218
17575,2022,Full Season,1400.8,1970-01-01,0.0,162,1095,1048,27.17,0,0,0,1,0,1,0.3478,0.6522
17598,2022,Full Season,1138.15,2022-05-28,0.63,95,730,320,0.0,0,1,1,0,0,0,0.8777,0.1223
17643,2022,Full Season,4552.6,2022-06-25,0.88,162,1095,1095,33.3,0,0,1,0,0,1,0.3648,0.6352
17822,2022,Full Season,2276.3,2022-06-25,0.75,162,365,509,4360.21,1,3,0,0,0,0,0.5787,0.4213
17832,2022,Full Season,3193.0,1970-01-01,0.0,24,0,130,270.76,0,0,0,0,0,0,0.9184,0.0816
17856,2022,Full Season,1400.8,2022-06-25,0.5,162,1095,1025,7.19,1,2,0,1,0,1,0.3588,0.6412
17867,2022,Full Season,963.05,2022-05-28,0.63,162,730,950,65.22,0,1,1,0,0,0,0.7383,0.2617
18021,2022,Full Season,633.75,2022-05-22,1.0,0,0,0,0.0,0,0,0,0,0,0,0.954,0.046
18060,2022,Full Season,700.4,1970-01-01,0.0,162,730,976,44.96,0,0,0,1,0,1,0.3979,0.6021
18184,2022,Full Season,700.4,2022-05-14,0.38,162,730,969,65.22,2,0,1,1,0,0,0.7796,0.2204
18232,2022,Full Season,1926.1,2022-06-25,0.94,99,1095,992,11.36,0,1,0,0,0,0,0.5024,0.4976
18410,2022,Full Season,8976.0,2022-05-22,0.47,88,365,438,35.1,1,1,0,1,0,0,0.7549,0.2451
18533,2022,Full Season,3064.25,1970-01-01,0.0,162,1095,1088,47.74,0,0,0,1,0,1,0.3096,0.6904
18547,2022,Full Season,1105.0,2022-06-25,1.0,123,1095,1083,17.84,0,1,0,0,0,0,0.5272,0.4728
18636,2022,Full Season,1575.9,2022-05-22,0.56,162,1095,1066,39.09,1,1,1,0,0,0,0.7154,0.2846
18684,2022,Full Season,1138.15,2022-05-14,0.13,110,1095,1115,63.09,2,0,1,1,0,0,0.7281,0.2719
18770,2022,Full Season,425.0,2022-06-25,0.63,159,1095,1006,25.16,1,2,1,0,0,0,0.509,0.491
18841,2022,Full Season,2535.0,2022-03-12,0.5,103,0,103,0.0,0,0,0,0,0,0,0.7865,0.2135
18843,2022,Full Season,942.4,2022-02-26,0.14,162,1095,598,12.29,6,0,0,1,0,0,0.6751,0.3249
19140,2022,Full Season,700.4,2022-05-28,0.5,100,1095,1038,47.39,0,0,0,1,0,0,0.8457,0.1543
19151,2022,Full Season,6128.5,2022-06-25,0.88,162,1095,979,11.04,0,0,1,0,0,1,0.3811,0.6189
19256,2022,Full Season,1400.8,2022-06-25,0.75,162,1095,997,51.7,0,2,0,0,0,1,0.3674,0.6326
19282,2022,Full Season,963.05,1970-01-01,0.0,162,730,978,22.4,0,0,0,1,0,1,0.3657,0.6343
19304,2022,Full Season,1400.8,2022-06-25,0.88,98,365,550,51.24,0,0,1,0,0,0,0.7597,0.2403
19729,2022,Full Season,4552.6,2022-06-25,0.66,82,1095,1077,12.29,1,2,0,0,0,0,0.5556,0.4444
19732,2022,Full Season,2276.3,2022-05-14,0.25,162,1095,969,22.27,2,0,1,1,0,0,0.7558,0.2442
19803,2022,Full Season,1575.9,2022-06-25,0.88,100,1095,1042,82.18,0,2,0,0,0,0,0.5234,0.4766
19934,2022,Full Season,963.05,2022-05-22,0.25,100,1095,1066,1.84,1,1,0,1,0,0,0.871,0.129
19973,2022,Full Season,2210.0,2022-06-25,0.63,162,1095,1095,33.3,2,1,1,0,0,1,0.3883,0.6117
19981,2022,Full Season,4377.5,2022-05-28,0.88,159,1095,1102,11.36,0,1,0,0,0,0,0.7416,0.2584
20006,2022,Full Season,1138.15,2022-06-25,0.75,162,730,808,21.19,0,0,0,1,0,0,0.5692,0.4308
20026,2022,Full Season,2276.3,2022-05-22,0.13,162,1095,1095,62.69,1,1,0,1,0,0,0.6663,0.3337
20042,2022,Full Season,2346.0,2022-05-22,0.5,70,730,295,11.08,1,1,0,1,0,0,0.8581,0.1419
20180,2022,Full Season,437.75,1970-01-01,0.0,159,365,508,26.81,0,0,0,1,0,0,0.6398,0.3602
20193,2022,Full Season,437.75,2022-05-14,0.5,159,1095,1054,24.84,2,2,1,0,0,0,0.7712,0.2288
20227,2022,Full Season,1478.2,2022-04-09,0.14,162,1095,1091,61.71,3,0,0,2,0,1,0.4549,0.5451
20405,2022,Full Season,4250.0,2022-06-25,1.0,100,1095,1061,17.84,0,1,0,0,0,0,0.6147,0.3853
20462,2022,Full Season,5253.0,2022-06-25,0.69,102,1095,1082,10.7,0,1,1,0,0,0,0.5047,0.4953
20480,2022,Full Season,14008.0,2022-05-22,0.5,162,1095,1111,44.96,1,2,1,0,0,0,0.6784,0.3216
20580,2022,Full Season,2346.0,2022-05-14,0.25,78,365,303,11.98,2,0,1,1,0,0,0.86,0.14
20599,2022,Full Season,816.0,2022-06-25,0.75,33,365,258,122.39,1,3,0,0,0,0,0.7943,0.2057
20715,2022,Full Season,787.95,2022-06-25,0.5,96,1095,1052,26.81,1,1,0,1,0,0,0.5663,0.4337
20758,2022,Full Season,986.0,2022-05-14,0.25,61,365,345,11.04,2,0,1,1,0,0,0.8981,0.1019
20773,2022,Full Season,437.75,2022-06-25,0.63,159,730,986,54.54,0,0,0,1,0,0,0.5509,0.4491
21048,2022,Full Season,1575.9,2022-06-25,0.63,162,1095,1066,17.0,3,1,0,1,0,1,0.3345,0.6655
21119,2022,Full Season,1867.48,2022-05-28,0.38,36,0,261,74.68,0,1,1,0,0,0,0.9218,0.0782
21359,2022,Full Season,2276.3,2022-05-28,0.25,162,1095,1034,26.22,0,0,0,1,0,0,0.7134,0.2866
21383,2022,Full Season,875.5,2022-06-25,0.88,81,1095,1055,59.73,0,0,1,0,0,0,0.6033,0.3967
21599,2022,Full Season,2210.0,2022-05-28,0.63,17,730,962,51.7,0,0,1,0,0,0,0.892,0.108
21648,2022,Full Season,476.0,2022-05-28,0.75,86,365,354,26.81,0,2,0,0,0,0,0.8374,0.1626
21676,2022,Full Season,366.93,1970-01-01,0.0,162,730,452,60.17,0,0,1,0,0,0,0.695,0.305
21690,2022,Full Season,1084.32,2022-06-25,0.86,94,365,431,32.18,0,1,0,0,0,0,0.7337,0.2663
21705,2022,Full Season,3802.05,2022-05-22,0.83,114,1095,997,47.74,1,2,0,0,0,0,0.867,0.133
21729,2022,Full Season,2276.3,2022-05-28,0.81,162,730,968,47.79,0,1,0,0,0,0,0.7135,0.2865
21920,2022,Full Season,850.0,2022-06-25,0.75,158,1095,1090,25.94,1,2,0,0,0,1,0.3781,0.6219
21922,2022,Full Season,875.5,2022-05-28,0.63,159,365,509,29.38,0,0,0,1,0,0,0.8074,0.1926
22008,2022,Full Season,1400.8,2022-06-25,0.94,96,1095,1088,26.22,0,1,0,0,0,1,0.4714,0.5286
22107,2022,Full Season,437.75,2022-05-22,0.5,159,1095,1054,63.09,1,1,0,1,0,0,0.8069,0.1931
22144,2022,Full Season,1435.14,2022-06-25,0.57,1,730,942,110.87,2,0,2,0,0,0,0.889,0.111
22146,2022,Full Season,551.57,2022-05-28,0.63,72,1095,1111,46.25,0,1,1,0,0,0,0.847,0.153
22252,2022,Full Season,3468.0,2022-06-25,0.98,18,365,243,20.13,0,1,0,0,0,0,0.7411,0.2589
22285,2022,Full Season,3264.0,2022-05-28,0.5,87,1095,1056,19.18,0,1,1,0,0,0,0.8511,0.1489
22332,2022,Full Season,816.0,2022-05-28,0.38,86,365,470,18.51,0,0,1,1,0,0,0.8524,0.1476
22335,2022,Full Season,2276.3,2022-06-25,0.88,113,1095,1112,33.3,1,2,0,0,0,1,0.4759,0.5241
22449,2022,Full Season,453.6,2022-03-12,0.22,162,1095,773,51.24,1,2,0,0,0,0,0.6243,0.3757
22552,2022,Full Season,875.5,2022-06-25,0.94,159,1095,1025,76.98,0,1,0,0,0,1,0.3167,0.6833
22705,2022,Half Season,879.0,2022-05-28,0.75,8,730,712,76.98,0,1,0,0,0,0,0.9641,0.0359
22708,2022,Full Season,2210.0,2022-06-25,1.0,103,730,1076,50.09,0,1,0,0,0,0,0.5158,0.4842
22792,2022,Full Season,2125.0,1970-01-01,0.0,1,730,975,59.73,0,0,0,1,0,0,0.6101,0.3899
22794,2022,Full Season,7004.0,2022-05-22,0.5,32,1095,1042,52.21,1,2,1,0,0,0,0.8817,0.1183
22875,2022,Full Season,2451.4,2022-03-12,0.16,101,1095,1087,35.95,6,0,0,1,0,1,0.408,0.592
22961,2022,Flex Plan,134.0,1970-01-01,0.0,15,365,33,16.19,0,0,0,0,0,0,0.7873,0.2127
23049,2022,Flex Plan,156.0,2022-06-25,0.0,15,365,33,12.29,0,0,0,0,0,0,0.8535,0.1465
23222,2022,Half Season,1342.0,2022-05-22,0.75,14,365,237,1.84,0,1,0,0,0,0,0.9445,0.0555
23242,2022,Full Season,2276.3,2022-06-25,0.5,162,1095,1104,8.55,1,2,0,1,0,1,0.3507,0.6493
23250,2022,Full Season,437.75,1970-01-01,0.0,159,730,741,38.79,0,0,0,1,0,0,0.6585,0.3415
23271,2022,Full Season,2363.85,2022-06-25,0.71,162,1095,1041,19.63,0,2,0,0,0,1,0.3442,0.6558
23286,2022,Full Season,841.1,2022-05-28,0.5,1,0,141,8.55,0,1,0,0,0,0,0.9605,0.0395
23369,2022,Full Season,2276.3,2022-06-25,0.94,162,1095,1087,59.13,0,1,0,0,0,1,0.275,0.725
23396,2022,Full Season,2276.3,2022-06-25,0.75,101,1095,1094,46.25,0,0,0,1,0,0,0.5554,0.4446
23492,2022,Full Season,1138.15,2022-06-25,0.38,162,1095,1054,59.73,1,1,0,1,0,0,0.523,0.477
23524,2022,Full Season,1156.0,2022-06-25,0.63,51,730,828,17.84,2,1,1,0,0,0,0.7505,0.2495
23695,2022,Full Season,1575.9,2022-06-25,0.5,80,730,913,30.3,1,2,1,0,0,0,0.7745,0.2255
23781,2022,Full Season,1926.1,2022-06-25,0.75,98,1095,944,52.21,0,1,1,0,0,0,0.7235,0.2765
24065,2022,Full Season,4377.5,2022-05-28,0.75,159,730,747,20.13,0,2,0,0,0,0,0.7993,0.2007
24148,2022,Full Season,1225.7,2022-05-28,0.56,47,1095,1095,32.18,0,1,1,0,0,0,0.9029,0.0971
24188,2022,Full Season,437.75,2022-05-14,0.25,159,730,964,6.46,2,1,1,1,0,0,0.8273,0.1727
24191,2022,Full Season,2349.03,2022-06-25,1.0,162,1095,1067,8.11,0,1,0,0,0,1,0.2574,0.7426
24204,2022,Full Season,5253.0,2022-06-25,0.75,159,1095,1111,65.22,0,3,0,0,0,1,0.3921,0.6079
24263,2022,Full Season,437.75,2022-05-28,0.38,1,1095,1040,25.16,0,1,0,1,0,0,0.9641,0.0359
24284,2022,Full Season,1530.0,2022-06-25,0.58,161,1095,1067,23.26,0,1,0,0,0,1,0.4386,0.5614
24339,2022,Full Season,1050.6,2022-06-25,1.0,99,1095,947,10.85,0,1,0,0,0,0,0.6794,0.3206
24383,2022,Full Season,10625.0,2022-06-25,0.95,159,1095,1110,53.53,0,1,0,0,0,1,0.2683,0.7317
24535,2022,Full Season,1050.6,2022-04-24,0.25,161,1095,948,32.18,3,0,0,2,0,0,0.6727,0.3273
24552,2022,Full Season,3414.45,2022-06-25,0.83,100,1095,1060,26.81,0,2,0,0,0,0,0.5419,0.4581
24559,2022,Full Season,23262.4,2022-05-28,0.39,9,0,220,28.66,0,2,0,0,0,0,0.9506,0.0494
24634,2022,Full Season,437.75,2022-06-25,0.63,159,365,384,50.46,0,0,2,0,0,0,0.7921,0.2079
24643,2022,Full Season,437.75,2022-06-25,0.88,159,730,562,14.32,0,0,1,0,0,0,0.7161,0.2839
24690,2022,Full Season,5253.0,2022-05-28,0.19,159,1095,970,62.69,0,1,0,1,0,0,0.6835,0.3165
24717,2022,Full Season,1339.46,2022-06-25,0.93,10,730,221,12.29,0,1,0,0,0,0,0.7488,0.2512
24726,2022,Full Season,11900.0,2022-05-22,0.63,162,1095,1109,56.08,1,3,0,0,0,0,0.6421,0.3579
24802,2022,Full Season,6939.4,2022-06-25,0.76,74,1095,1070,18.62,0,1,0,0,0,0,0.5783,0.4217
24942,2022,Full Season,6128.5,2022-06-25,0.88,162,1095,1109,17.84,0,2,0,0,0,1,0.3053,0.6947
25097,2022,Full Season,2626.5,2022-05-28,0.38,159,1095,1102,50.84,0,0,0,1,0,0,0.775,0.225
25137,2022,Full Season,2210.0,2022-05-28,0.88,162,1095,1094,46.24,0,1,0,0,0,0,0.6301,0.3699
25234,2022,Full Season,1138.15,2022-06-25,0.75,162,730,808,14.62,0,3,0,0,0,0,0.5943,0.4057
25245,2022,Full Season,1575.9,2022-06-25,0.5,101,1095,1094,56.49,0,0,0,1,0,0,0.5999,0.4001
25257,2022,Full Season,5100.0,2022-04-24,0.25,159,730,956,48.37,3,0,0,2,0,0,0.7071,0.2929
25262,2022,Full Season,1632.0,2022-06-25,0.75,76,365,301,48.26,0,1,1,0,0,0,0.769,0.231
25275,2022,Full Season,917.4,1970-01-01,0.0,159,365,236,54.0,0,0,0,1,0,0,0.5771,0.4229
25303,2022,Full Season,4377.5,2022-06-25,0.88,159,1095,1041,32.86,0,2,0,0,0,1,0.347,0.653
25423,2022,Full Season,4552.6,2022-06-25,0.47,99,1095,1005,26.22,0,1,0,1,0,0,0.5725,0.4275
25437,2022,Full Season,437.75,2022-06-25,0.63,116,1095,1025,50.46,0,0,0,1,0,0,0.6822,0.3178
25474,2022,Full Season,7004.0,2022-06-25,0.75,162,1095,1111,22.58,1,1,1,0,0,1,0.2877,0.7123
25491,2022,Full Season,2210.0,2022-06-25,0.5,162,730,387,0.0,4,1,0,1,0,0,0.7135,0.2865
25504,2022,Full Season,4552.6,2022-05-28,0.69,37,1095,1116,13.28,0,0,1,0,0,0,0.8866,0.1134
25567,2022,Full Season,7004.0,2022-06-25,1.0,11,1095,1111,63.09,0,1,0,0,0,0,0.8165,0.1835
25643,2022,Full Season,24800.0,2022-05-28,0.75,17,1095,1109,12.75,0,0,1,0,0,0,0.9038,0.0962
25678,2022,Full Season,787.95,2022-05-22,0.5,162,730,961,47.74,1,2,1,0,0,0,0.7673,0.2327
25869,2022,Full Season,3414.45,2022-04-09,0.13,162,1095,1115,52.24,4,0,0,2,0,1,0.3542,0.6458
25968,2022,Full Season,389.9,1970-01-01,0.0,5,1095,814,286.34,0,1,0,0,0,0,0.6986,0.3014
25988,2022,Full Season,437.75,2022-05-28,0.25,159,730,986,38.86,0,0,0,1,0,0,0.8298,0.1702
26069,2022,Full Season,2276.3,2022-04-24,0.13,162,1095,1116,62.69,3,0,0,2,0,1,0.4549,0.5451
26181,2022,Full Season,181.21,2022-03-12,0.29,159,730,814,76.98,5,0,0,1,0,0,0.7389,0.2611
26281,2022,Full Season,2276.3,2022-06-25,1.0,98,1095,1070,9.54,0,1,0,0,0,0,0.553,0.447
26395,2022,Full Season,4488.0,2022-06-25,1.0,67,365,292,48.37,0,1,0,0,0,0,0.6902,0.3098
26421,2022,Full Season,4552.6,2022-06-25,0.75,110,1095,1091,17.0,1,2,0,0,0,0,0.5527,0.4473
26527,2022,Full Season,1632.0,2022-06-25,0.5,88,365,313,26.75,1,2,1,0,0,0,0.8146,0.1854
26544,2022,Full Season,852.04,1970-01-01,0.0,161,1095,1089,48.37,0,0,0,1,0,1,0.3743,0.6257
26604,2022,Full Season,4648.9,2022-06-25,0.94,2,1095,1077,26.81,0,1,0,0,0,0,0.8096,0.1904
26618,2022,Full Season,2346.0,2022-06-25,0.63,75,365,300,13.37,0,1,0,1,0,0,0.7642,0.2358
26814,2022,Full Season,437.75,2022-06-25,0.5,159,730,970,19.63,1,3,1,0,0,0,0.5002,0.4998
26834,2022,Full Season,2276.3,2022-05-14,0.13,162,1095,1034,33.3,2,0,1,1,0,0,0.6313,0.3687
26951,2022,Full Season,4420.0,2022-05-28,0.72,1,1095,1059,33.3,0,0,1,0,0,0,0.9679,0.0321
27027,2022,Full Season,875.5,2022-06-25,0.56,159,1095,1054,46.24,2,0,2,0,0,1,0.4416,0.5584
27050,2022,Full Season,1400.8,2022-05-28,0.25,162,1095,1087,41.92,0,0,0,2,0,0,0.743,0.257
27055,2022,Full Season,2276.3,2022-04-24,0.25,162,1095,956,11.08,3,0,0,2,0,0,0.6465,0.3535
27150,2022,Full Season,700.4,2022-06-25,0.88,98,365,550,46.24,0,0,1,0,0,0,0.7993,0.2007
27170,2022,Full Season,425.0,2022-05-22,0.5,159,1095,1024,11.36,1,2,1,0,0,0,0.8099,0.1901
27334,2022,Full Season,8755.0,2022-04-09,0.25,100,1095,1110,42.31,4,0,1,1,0,1,0.4369,0.5631
27335,2022,Full Season,850.47,2022-03-12,0.33,161,1095,1048,52.21,5,0,0,1,0,1,0.2777,0.7223
27390,2022,Full Season,1020.0,2022-06-25,0.88,161,730,808,0.0,0,2,0,0,0,0,0.5735,0.4265
27392,2022,Full Season,1105.6,2022-04-09,0.2,162,1095,898,15.07,1,1,0,1,0,0,0.7453,0.2547
27413,2022,Full Season,2276.3,2022-05-14,0.38,162,730,995,46.25,2,0,1,1,0,0,0.7403,0.2597
27447,2022,Full Season,525.3,2022-05-28,0.88,161,1095,1051,47.74,0,1,0,0,0,0,0.662,0.338
27545,2022,Flex Plan,448.0,2022-05-22,1.0,54,730,194,13.37,0,0,0,0,0,0,0.839,0.161
27894,2022,Full Season,1261.98,2022-05-28,0.71,162,730,387,23.26,0,2,0,0,0,0,0.7627,0.2373
27934,2022,Full Season,1901.25,2022-03-12,1.0,103,0,103,0.0,0,0,0,0,0,0,0.7207,0.2793
28029,2022,Full Season,1400.8,2022-06-25,0.75,162,730,972,62.69,2,1,1,0,0,1,0.424,0.576
28055,2022,Full Season,1050.6,2022-05-14,0.25,161,730,992,49.08,2,0,1,1,0,0,0.7541,0.2459
28176,2022,Full Season,3852.2,2022-06-25,0.56,162,1095,1087,27.17,0,1,1,0,0,1,0.4344,0.5656
28313,2022,Full Season,4552.6,2022-06-25,0.31,162,1095,1058,48.37,1,2,0,1,0,1,0.3596,0.6404
28394,2022,Full Season,875.5,2022-06-25,0.81,159,1095,1055,20.98,0,0,1,0,0,1,0.3887,0.6113
28462,2022,Full Season,1138.15,2022-05-28,0.63,162,730,1000,51.68,0,0,0,1,0,0,0.6939,0.3061
28463,2022,Flex Plan,642.0,1970-01-01,0.0,52,0,157,23.21,0,1,0,0,0,0,0.8886,0.1114
28507,2022,Full Season,6128.5,2022-06-25,0.88,26,1095,965,24.84,0,2,0,0,0,0,0.7621,0.2379
28511,2022,Full Season,1774.0,2022-06-25,0.69,11,365,236,10.7,1,1,1,0,0,0,0.8033,0.1967
28605,2022,Full Season,7879.5,2022-06-25,0.88,159,1095,1102,48.37,0,1,0,0,0,1,0.3761,0.6239
28608,2022,Full Season,1100.27,2022-05-28,0.57,53,365,393,82.18,0,1,1,0,0,0,0.8386,0.1614
28636,2022,Full Season,1138.15,2022-06-25,0.38,162,1095,1054,67.51,1,1,0,1,0,0,0.5451,0.4549
28818,2022,Flex Plan,272.0,1970-01-01,0.0,36,1095,967,42.31,0,0,0,0,0,0,0.7843,0.2157
28852,2022,Full Season,22100.0,2022-05-28,0.44,88,730,948,27.17,0,2,1,0,0,0,0.8358,0.1642
28945,2022,Full Season,4420.0,2022-06-25,0.69,162,1095,1091,3.97,0,2,0,0,0,1,0.2837,0.7163
29015,2022,Full Season,2346.0,2022-05-28,0.88,87,365,352,25.94,0,1,0,0,0,0,0.8152,0.1848
29041,2022,Full Season,3414.45,2022-06-25,0.42,162,1095,1066,22.4,1,1,0,1,0,1,0.4339,0.5661
29064,2022,Full Season,3502.0,2022-05-22,0.63,101,1095,1090,53.53,1,1,1,0,0,0,0.8723,0.1277
29246,2022,Full Season,6060.0,2022-05-28,0.83,108,1095,1084,29.35,0,1,0,0,0,0,0.8579,0.1421
29458,2022,Full Season,2210.0,2022-05-28,0.75,99,1095,963,17.84,0,0,1,0,0,0,0.8559,0.1441
29469,2022,Full Season,700.4,1970-01-01,0.0,162,730,746,28.66,0,0,0,1,0,0,0.5977,0.4023
29542,2022,Full Season,1020.0,2022-05-28,0.81,161,1095,1067,15.07,0,1,0,0,0,0,0.6438,0.3562
29559,2022,Full Season,4552.6,2022-05-22,0.63,45,1095,1107,65.22,1,3,0,0,0,0,0.912,0.088
29619,2022,Full Season,1575.9,2022-06-25,0.79,95,1095,1052,16.19,0,2,0,0,0,0,0.5276,0.4724
29661,2022,Full Season,875.5,1970-01-01,0.0,159,730,962,38.86,0,0,0,1,0,0,0.5659,0.4341
29696,2022,Full Season,437.75,2022-05-28,0.75,159,730,604,10.85,0,2,0,0,0,0,0.7844,0.2156
29789,2022,Full Season,2228.0,2022-06-25,0.63,16,365,241,24.84,0,1,0,1,0,0,0.7205,0.2795
29926,2022,Half Season,2910.0,2022-05-22,1.0,5,1095,1110,10.7,0,0,0,0,0,0,0.9657,0.0343
30018,2022,Full Season,2346.0,2022-06-25,0.81,40,365,265,17.91,0,2,0,0,0,0,0.7409,0.2591
30024,2022,Full Season,5100.0,2022-06-25,0.69,159,1095,734,50.84,2,1,1,0,0,0,0.6256,0.3744
30059,2022,Full Season,1047.46,2022-05-28,0.38,88,1095,1054,0.0,0,0,0,1,0,0,0.8404,0.1596
30079,2022,Full Season,4202.4,2022-06-25,0.65,39,730,535,54.54,0,2,0,0,0,0,0.8214,0.1786
30102,2022,Full Season,6800.0,2022-06-25,0.94,162,365,387,12.29,0,1,0,0,0,0,0.5251,0.4749
30115,2022,Full Season,437.75,2022-06-25,1.0,159,730,975,33.3,0,1,0,0,0,1,0.4142,0.5858
30139,2022,Full Season,816.0,2022-06-25,0.5,88,365,313,22.4,1,1,0,1,0,0,0.7979,0.2021
30193,2022,Full Season,10608.0,2022-06-25,0.81,71,365,296,27.58,1,2,0,0,0,0,0.6852,0.3148
30291,2022,Full Season,816.0,2022-05-28,0.75,29,730,254,46.25,0,0,1,0,0,0,0.9169,0.0831
30293,2022,Full Season,1020.0,2022-06-25,0.88,109,730,999,28.66,0,2,0,0,0,0,0.5299,0.4701
30441,2022,Full Season,5253.0,2022-05-28,0.5,159,1095,1111,56.08,0,0,2,0,0,0,0.8063,0.1937
30493,2022,Full Season,2101.2,2022-05-28,0.83,99,730,961,26.68,0,1,0,0,0,0,0.855,0.145
30541,2022,Full Season,875.5,2022-06-25,0.81,159,1095,1038,26.68,0,2,0,0,0,1,0.3391,0.6609
30850,2022,Full Season,1575.9,2022-06-25,0.63,162,1095,1063,22.58,0,0,0,1,0,1,0.3637,0.6363
30971,2022,Full Season,6182.78,2022-05-28,0.88,113,1095,1108,26.22,0,1,0,0,0,0,0.8496,0.1504
31158,2022,Full Season,1530.0,2022-06-25,0.81,98,730,965,11.04,0,0,1,0,0,0,0.7141,0.2859
31218,2022,Full Season,1575.9,2022-06-25,0.92,161,1095,1060,38.61,0,1,0,0,0,1,0.2706,0.7294
31228,2022,Full Season,3740.0,2022-06-25,0.63,101,1095,1080,47.74,0,0,0,1,0,0,0.5448,0.4552
31320,2022,Full Season,123.71,1970-01-01,0.0,162,1095,880,44.68,0,0,0,1,0,0,0.6723,0.3277
31340,2022,Full Season,1972.0,2022-06-25,0.25,50,1095,944,29.35,6,0,0,1,0,0,0.6779,0.3221
31370,2022,Full Season,2856.0,2022-06-25,0.88,16,365,241,28.09,0,1,0,0,0,0,0.8033,0.1967
31395,2022,Full Season,2276.3,2022-05-22,0.5,101,1095,1084,11.08,1,2,1,0,0,0,0.8457,0.1543
31424,2022,Full Season,2276.3,2022-06-25,0.5,162,1095,1104,20.98,1,2,0,1,0,1,0.3774,0.6226
31487,2022,Full Season,4377.5,2022-06-25,0.75,102,1095,1053,26.81,1,3,0,0,0,0,0.5389,0.4611
31572,2022,Full Season,476.0,2022-06-25,1.0,68,365,293,82.62,0,1,0,0,0,0,0.7675,0.2325
31581,2022,Full Season,109.98,2022-02-26,1.0,0,1095,0,0.0,0,0,0,0,0,0,0.6749,0.3251
31867,2022,Full Season,1190.0,2022-06-25,0.88,128,1095,1096,2.83,0,0,1,0,0,0,0.5515,0.4485
31894,2022,Full Season,14144.0,2022-05-28,0.75,38,0,263,0.0,0,1,0,0,0,0,0.8909,0.1091
31896,2022,Full Season,17000.0,2022-04-24,0.33,109,365,432,23.35,3,0,1,1,0,0,0.7427,0.2573
31906,2022,Full Season,2312.0,2022-06-25,0.72,11,365,450,5.68,0,2,0,0,0,0,0.7914,0.2086
32023,2022,Full Season,875.5,2022-05-22,0.19,159,1095,1025,52.45,1,2,0,1,0,0,0.7235,0.2765
32133,2022,Full Season,1632.0,2022-06-25,0.63,43,0,268,26.68,0,0,2,0,0,0,0.9066,0.0934
32309,2022,Full Season,7004.0,2022-05-28,0.5,113,365,531,8.55,0,0,2,0,0,0,0.8956,0.1044
32408,2022,Full Season,437.75,2022-05-28,0.5,159,1095,991,11.36,0,1,0,1,0,0,0.8148,0.1852
32863,2022,Full Season,963.05,2022-06-25,1.0,162,730,1000,3.97,0,1,0,0,0,1,0.2606,0.7394
32995,2022,Full Season,4552.6,2022-06-25,0.72,162,730,528,20.13,0,0,1,0,0,0,0.7063,0.2937
33061,2022,Full Season,437.75,2022-06-25,0.75,159,1095,1054,11.36,1,3,0,0,0,1,0.3464,0.6536
33201,2022,Full Season,875.5,2022-04-24,0.25,159,1095,957,62.69,3,1,1,1,0,0,0.7732,0.2268
33288,2022,Full Season,5100.0,2022-06-25,0.63,99,0,324,52.45,2,1,1,0,0,0,0.9224,0.0776
33477,2022,Full Season,425.0,1970-01-01,0.0,102,1095,1069,10.45,0,0,0,1,0,0,0.5702,0.4298
33535,2022,Full Season,952.0,1970-01-01,0.0,24,365,249,42.19,0,0,0,1,0,0,0.5971,0.4029
33547,2022,Full Season,446.49,2022-06-25,1.0,17,1095,1055,6.89,0,1,0,0,0,0,0.7697,0.2303
33589,2022,Full Season,3852.2,2022-06-25,0.97,98,1095,1091,56.49,0,1,0,0,0,0,0.5621,0.4379
33603,2022,Half Season,3608.0,2022-05-28,0.75,3,365,202,71.16,0,1,0,0,0,0,0.9457,0.0543
33605,2022,Full Season,3414.45,2022-06-25,0.96,99,730,972,70.93,0,1,0,0,0,0,0.6476,0.3524
33647,2022,Full Season,1352.44,2022-06-25,0.38,161,1095,1068,18.62,1,2,0,1,0,1,0.4971,0.5029
33656,2022,Full Season,2276.3,2022-06-25,0.63,102,1095,1077,21.65,0,1,1,0,0,0,0.5955,0.4045
33679,2022,Full Season,1838.55,2022-06-25,0.75,162,365,529,43.06,0,2,0,0,0,0,0.636,0.364
33702,2022,Full Season,1575.9,2022-06-25,0.88,162,1095,1089,23.26,0,2,0,0,0,1,0.2868,0.7132
33735,2022,Full Season,1156.0,2022-05-22,0.63,28,365,253,27.17,1,3,0,0,0,0,0.8594,0.1406
33805,2022,Full Season,310.98,2022-03-12,0.25,162,365,204,44.96,2,1,1,0,0,0,0.724,0.276
33927,2022,Full Season,123.71,1970-01-01,0.0,162,1095,852,49.08,0,0,0,1,0,0,0.6723,0.3277
33932,2022,Full Season,875.5,2022-04-24,0.19,159,730,668,61.71,3,0,0,2,0,0,0.8188,0.1812
33968,2022,Full Season,8755.0,2022-05-28,0.69,102,365,594,10.7,0,0,1,0,0,0,0.7974,0.2026
34138,2022,Full Season,956.76,2022-06-25,0.86,12,1095,962,1.84,1,2,0,0,0,0,0.7825,0.2175
34255,2022,Full Season,1138.15,2022-04-24,0.38,101,1095,1080,33.3,3,0,1,1,0,0,0.5644,0.4356
34281,2022,Full Season,963.05,2022-06-25,1.0,99,730,700,2.83,0,1,0,0,0,0,0.6583,0.3417
34289,2022,Half Season,1160.0,2022-05-14,0.6,2,0,227,11.36,1,2,0,0,0,0,0.9505,0.0495
34345,2022,Full Season,2276.3,2022-06-25,0.25,101,1095,1090,26.81,2,1,1,1,0,0,0.5438,0.4562
34352,2022,Full Season,1926.1,2022-04-24,0.13,162,1095,977,52.45,3,0,0,2,0,1,0.4441,0.5559
34374,2022,Full Season,437.75,1970-01-01,0.0,159,730,963,20.13,0,0,0,1,0,0,0.658,0.342
34395,2022,Full Season,2448.0,2022-06-25,0.88,36,365,354,46.24,0,2,0,0,0,0,0.7342,0.2658
34439,2022,Full Season,1972.0,2022-05-22,0.5,53,365,278,42.31,1,2,1,0,0,0,0.8369,0.1631
34442,2022,Full Season,2276.3,2022-06-25,0.69,101,1095,1094,46.24,0,1,1,0,0,0,0.5832,0.4168
34473,2022,Full Season,4250.0,2022-05-22,0.63,159,1095,1033,26.75,1,3,0,0,0,0,0.7756,0.2244
34575,2022,Full Season,2276.3,2022-06-25,0.5,162,1095,1055,0.0,2,0,1,1,0,1,0.3124,0.6876
34732,2022,Full Season,476.0,2022-06-25,1.0,12,0,237,0.0,0,1,0,0,0,0,0.9048,0.0952
34819,2022,Full Season,1870.0,2022-06-25,1.0,162,730,949,27.17,0,1,0,0,0,0,0.5116,0.4884
34952,2022,Full Season,525.3,2022-02-26,0.13,161,1095,1053,8.0,7,0,0,1,0,1,0.4837,0.5163
35050,2022,Full Season,1972.0,2022-05-22,0.63,36,1095,991,3.97,1,1,1,0,0,0,0.8911,0.1089
35084,2022,Full Season,2101.2,2022-05-22,0.54,100,1095,943,72.67,1,2,0,0,0,0,0.8885,0.1115
35139,2022,Half Season,812.0,2022-05-14,0.6,8,1095,1074,27.17,1,2,0,0,0,0,0.9615,0.0385
35234,2022,Full Season,875.5,2022-05-28,0.88,159,730,975,6.46,0,1,0,0,0,0,0.7526,0.2474
35296,2022,Full Season,875.5,2022-06-25,0.44,159,730,1000,46.25,1,2,0,1,0,0,0.528,0.472
35321,2022,Full Season,437.75,2022-04-09,0.25,159,730,664,62.69,4,0,1,1,0,0,0.8605,0.1395
35347,2022,Full Season,1575.9,2022-06-25,0.63,162,1095,1060,11.98,0,1,1,0,0,1,0.3985,0.6015
35476,2022,Full Season,2276.3,2022-05-22,0.63,39,1095,1088,38.79,1,1,1,0,0,0,0.9213,0.0787
35612,2022,Full Season,4040.0,2022-06-25,0.75,82,365,346,27.17,1,1,1,0,0,0,0.701,0.299
35632,2022,Full Season,5690.75,2022-05-28,0.72,162,1095,1095,38.86,0,1,0,0,0,0,0.6745,0.3255
35795,2022,Full Season,1530.0,2022-06-25,0.31,162,1095,1061,58.29,4,2,0,1,0,1,0.4453,0.5547
35863,2022,Full Season,5253.0,2022-05-28,0.81,159,1095,1083,27.17,0,1,0,0,0,0,0.7536,0.2464
35949,2022,Full Season,2276.3,2022-06-25,0.94,100,1095,1047,7.19,0,1,0,0,0,1,0.4542,0.5458
35969,2022,Full Season,1105.0,2022-06-25,0.88,103,730,1076,20.98,0,2,0,0,0,0,0.5024,0.4976
36088,2022,Full Season,1575.9,2022-06-25,0.38,162,1095,1091,62.69,2,0,1,1,0,0,0.565,0.435
36109,2022,Full Season,1050.6,2022-03-12,0.13,161,730,747,158.35,6,1,0,1,0,0,0.64,0.36
36134,2022,Full Season,1430.54,2022-06-25,0.71,162,1095,1054,17.84,0,0,1,0,0,1,0.4045,0.5955
36146,2022,Full Season,4488.0,2022-05-28,0.88,82,365,307,26.68,0,1,0,0,0,0,0.8171,0.1829
36185,2022,Full Season,1575.9,2022-06-25,0.31,162,1095,948,47.74,1,1,1,1,0,0,0.6456,0.3544
36215,2022,Full Season,525.3,2022-05-22,0.5,68,1095,1061,17.84,1,2,1,0,0,0,0.8572,0.1428
36314,2022,Full Season,1575.9,1970-01-01,0.0,99,1095,746,60.17,0,0,0,1,0,0,0.6097,0.3903
36348,2022,Full Season,437.75,2022-03-12,0.13,159,1095,1003,26.75,6,1,0,1,0,1,0.4249,0.5751
36412,2022,Flex Plan,1874.0,1970-01-01,0.0,4,1095,1054,59.73,0,0,0,1,0,0,0.5818,0.4182
36457,2022,Full Season,6566.25,2022-05-28,0.71,159,1095,1109,49.08,0,2,0,0,0,0,0.7257,0.2743
36482,2022,Full Season,8253.04,1970-01-01,0.0,6,0,174,1620.29,0,0,0,1,0,0,0.8529,0.1471
36543,2022,Full Season,5950.0,2022-06-25,0.75,99,730,746,47.39,0,2,0,0,0,0,0.7221,0.2779
36575,2022,Full Season,1530.0,2022-06-25,0.56,100,1095,1035,22.4,2,2,1,0,0,0,0.5798,0.4202
36752,2022,Full Season,875.5,1970-01-01,0.0,159,1095,1006,17.0,0,0,0,1,0,1,0.3655,0.6345
37344,2022,Full Season,2276.3,2022-05-28,0.75,89,1095,1052,11.08,0,0,1,0,0,0,0.8341,0.1659
37377,2022,Full Season,4377.5,2022-05-22,0.13,159,730,1004,50.46,1,1,0,1,0,0,0.659,0.341
38188,2022,Full Season,1360.0,2022-05-22,0.75,65,365,514,29.35,1,2,0,0,0,0,0.8146,0.1854
39515,2022,Full Season,7004.0,2022-06-25,1.0,162,1095,1103,59.73,0,1,0,0,0,1,0.3695,0.6305
39912,2022,Full Season,836.82,2022-06-25,2.0,3,0,199,502.47,0,0,0,0,0,0,0.9423,0.0577
44725,2022,Full Season,1972.0,2022-06-25,0.5,1,0,226,16.19,1,2,1,0,0,0,0.8966,0.1034
44787,2022,Full Season,14008.0,2022-06-25,0.47,162,1095,1111,46.25,0,1,1,0,0,1,0.406,0.594
45220,2022,Full Season,4552.6,2022-06-25,0.94,162,1095,1055,48.26,0,1,0,0,0,1,0.3315,0.6685
46440,2022,Full Season,439.84,1970-01-01,0.0,162,730,752,47.79,0,0,0,1,0,0,0.6225,0.3775
47501,2022,Full Season,4377.5,2022-05-22,0.63,159,730,731,49.08,1,1,1,0,0,0,0.797,0.203
48366,2022,Full Season,2276.3,2022-06-25,0.88,101,1095,1110,17.84,0,2,0,0,0,1,0.4922,0.5078
49941,2022,Full Season,2276.3,2022-05-14,0.44,78,1095,1088,10.85,2,1,1,0,0,0,0.8147,0.1853
51289,2022,Full Season,10506.0,2022-06-25,0.75,159,730,958,33.23,0,2,0,0,0,0,0.6186,0.3814
53418,2022,Full Season,2889.15,2022-06-25,0.71,162,365,508,38.34,2,1,1,0,0,0,0.7468,0.2532
55143,2022,Full Season,1050.6,2022-06-25,0.63,161,1095,1061,52.45,3,1,0,1,0,1,0.3584,0.6416
55166,2022,Flex Plan,312.0,2022-06-25,0.0,15,0,33,59.73,0,0,0,0,0,0,0.9533,0.0467
55534,2022,Full Season,437.75,2022-05-22,0.25,159,1095,1024,38.15,1,1,0,1,0,0,0.8555,0.1445
55960,2022,Full Season,6128.5,2022-06-25,0.69,162,1095,1109,17.84,0,1,1,0,0,1,0.2877,0.7123
56527,2022,Full Season,437.75,2022-04-24,0.13,159,1095,968,62.69,3,0,0,2,0,0,0.7395,0.2605
57973,2022,Full Season,452.0,2022-05-22,0.25,30,0,255,47.79,1,1,0,1,0,0,0.9214,0.0786
59410,2022,Full Season,1575.9,2022-06-25,0.5,162,1095,948,56.08,2,1,2,0,0,0,0.7504,0.2496
59557,2022,Full Season,2276.3,2022-05-22,0.25,162,1095,1089,47.74,1,1,0,1,0,0,0.761,0.239
60305,2022,Full Season,8755.0,2022-05-28,0.78,159,1095,1053,18.62,0,1,0,0,0,0,0.7081,0.2919
60845,2022,Full Season,437.75,2022-05-14,0.38,159,730,745,29.7,2,1,2,0,0,0,0.8674,0.1326
63730,2022,Full Season,1050.6,2022-04-24,0.19,161,1095,1089,21.19,3,1,1,1,0,1,0.4678,0.5322
64343,2022,Full Season,3769.02,1970-01-01,0.0,159,730,579,25.94,0,0,0,1,0,0,0.5288,0.4712
65560,2022,Full Season,3151.8,2022-06-25,0.84,99,1095,1090,17.91,0,0,1,0,0,0,0.6157,0.3843
65976,2022,Full Season,1926.1,1970-01-01,0.0,162,730,996,14.62,0,0,0,1,0,1,0.3373,0.6627
68275,2022,Full Season,437.75,1970-01-01,0.0,159,730,745,0.0,0,0,0,1,0,0,0.594,0.406
68288,2022,Full Season,488.88,2022-03-12,0.17,162,1095,526,6.89,4,0,0,1,0,0,0.5356,0.4644
68296,2022,Full Season,1400.8,1970-01-01,0.0,162,730,977,26.68,0,0,0,1,0,1,0.3488,0.6512
68428,2022,Half Season,1242.0,2022-04-24,0.67,2,365,463,23.26,0,1,0,0,0,0,0.7934,0.2066
68532,2022,Full Season,3631.44,1970-01-01,0.0,14,0,120,887.17,0,0,0,0,0,0,0.9121,0.0879
68554,2022,Full Season,4488.0,2022-06-25,0.75,45,0,270,30.3,0,1,1,0,0,0,0.8896,0.1104
68870,2022,Full Season,525.3,1970-01-01,0.0,161,730,745,17.0,0,0,0,1,0,0,0.6093,0.3907
69043,2022,Full Season,1926.1,1970-01-01,0.0,162,730,745,27.58,0,0,0,1,0,0,0.5607,0.4393
69129,2022,Full Season,1893.27,1970-01-01,0.0,159,730,975,48.37,0,0,0,1,0,1,0.3973,0.6027
69135,2022,Full Season,1751.0,1970-01-01,0.0,159,365,566,41.44,0,0,0,1,0,0,0.5251,0.4749
69198,2022,Full Season,5253.0,2022-05-22,0.38,159,730,968,50.46,1,2,0,1,0,0,0.7679,0.2321
69224,2022,Full Season,3064.25,2022-06-25,0.88,31,1095,1040,41.44,0,2,0,0,0,0,0.6888,0.3112
69234,2022,Full Season,700.4,1970-01-01,0.0,162,730,1006,32.86,0,0,0,1,0,1,0.3869,0.6131
69422,2022,Full Season,1575.9,2022-04-24,0.31,162,1095,1090,47.39,3,0,1,1,0,1,0.4817,0.5183
69431,2022,Full Season,7004.0,2022-04-24,0.5,102,1095,1108,25.94,3,1,0,1,0,1,0.394,0.606
69442,2022,Full Season,1972.0,1970-01-01,0.0,87,365,344,0.0,0,0,0,1,0,0,0.5693,0.4307
69518,2022,Full Season,10506.0,2022-05-28,0.75,102,1095,1109,59.13,0,1,0,0,0,0,0.808,0.192
69551,2022,Full Season,437.75,2022-05-28,0.38,159,1095,1027,10.85,0,2,0,1,0,0,0.8058,0.1942
69567,2022,Full Season,437.75,2022-05-14,0.13,44,1095,1089,46.51,2,0,1,1,0,0,0.7855,0.2145
69579,2022,Full Season,875.5,2022-05-28,0.5,159,730,716,8.0,0,2,1,0,0,0,0.802,0.198
69677,2022,Full Season,8755.0,2022-06-25,0.75,102,1095,1111,26.22,0,2,0,0,0,0,0.5096,0.4904
69691,2022,Full Season,10506.0,2022-04-24,0.5,159,1095,1110,3.97,3,1,0,1,0,1,0.2213,0.7787
69728,2022,Full Season,5253.0,2022-02-26,0.13,159,730,747,1712.99,7,0,0,1,0,0,0.6481,0.3519
69768,2022,Full Season,6188.0,2022-05-28,0.13,3,0,228,48.37,0,0,0,1,0,0,0.9255,0.0745
69899,2022,Full Season,1062.44,2022-06-25,1.5,4,0,144,33.91,0,0,0,0,0,0,0.9206,0.0794
69912,2022,Full Season,1050.6,2022-06-25,0.75,161,1095,746,10.85,0,3,0,0,0,0,0.5978,0.4022
70015,2022,Full Season,5253.0,1970-01-01,0.0,75,1095,1111,49.08,0,0,0,1,0,1,0.3763,0.6237
70082,2022,Full Season,5690.75,1970-01-01,0.0,162,730,943,305.24,0,0,0,1,0,1,0.4627,0.5373
70239,2022,Full Season,7004.0,2022-06-25,1.0,115,1095,1109,16.19,0,1,0,0,0,0,0.5677,0.4323
70270,2022,Full Season,952.0,2022-06-25,0.5,64,365,504,11.36,0,1,0,1,0,0,0.774,0.226
70282,2022,Full Season,4106.1,2022-04-24,0.29,159,730,971,0.0,2,0,1,1,0,1,0.493,0.507
70328,2022,Full Season,1575.9,2022-05-14,0.25,162,1095,747,47.74,2,0,1,1,0,0,0.7931,0.2069
70420,2022,Full Season,1632.0,2022-02-26,0.13,66,365,291,0.0,7,0,0,1,0,0,0.6706,0.3294
70455,2022,Full Season,1050.6,2022-06-25,0.63,47,1095,989,72.67,2,0,2,0,0,0,0.8055,0.1945
70687,2022,Full Season,2801.6,2022-05-22,0.5,162,730,734,61.71,1,4,0,0,0,0,0.8455,0.1545
70749,2022,Full Season,1575.9,2022-06-25,0.38,162,730,976,13.28,0,0,0,1,0,1,0.4425,0.5575
70858,2022,Full Season,1618.88,2022-04-09,0.18,162,1095,1042,59.73,2,0,1,1,0,0,0.5749,0.4251
70911,2022,Full Season,1575.9,2022-04-24,0.25,162,1095,1052,33.3,3,0,0,2,0,1,0.3921,0.6079
70988,2022,Full Season,5100.0,2022-06-25,1.0,102,730,960,55.5,0,1,0,0,0,0,0.75,0.25
71035,2022,Full Season,6128.5,2022-03-12,0.25,162,1095,956,50.84,6,0,0,1,0,1,0.3957,0.6043
71373,2022,Full Season,437.75,2022-05-14,0.5,159,1095,747,23.14,2,0,2,0,0,0,0.8923,0.1077
71396,2022,Full Season,9462.4,2022-04-09,0.14,162,1095,1111,53.53,2,0,1,1,0,1,0.3675,0.6325
71471,2022,Full Season,124.31,1970-01-01,0.0,159,730,824,63.09,0,0,0,1,0,0,0.7405,0.2595
71527,2022,Full Season,1400.8,1970-01-01,0.0,162,1095,1025,42.31,0,0,0,1,0,1,0.3646,0.6354
71528,2022,Full Season,1575.9,2022-06-25,0.63,162,1095,1052,52.45,2,2,1,0,0,1,0.379,0.621
71704,2022,Full Season,4377.5,2022-06-25,0.81,101,1095,1105,8.55,1,2,0,0,0,0,0.5139,0.4861
71707,2022,Full Season,2276.3,2022-05-28,0.5,162,1095,1094,65.22,0,0,0,1,0,0,0.6744,0.3256
71713,2022,Full Season,2101.2,2022-04-24,0.25,161,1095,1054,59.73,3,0,1,1,0,0,0.5224,0.4776
71714,2022,Full Season,1926.1,2022-05-22,0.44,162,730,965,24.84,1,1,0,1,0,0,0.7437,0.2563
71790,2022,Full Season,6128.5,1970-01-01,0.0,162,1095,1109,20.98,0,0,0,1,0,1,0.2504,0.7496
71883,2022,Full Season,875.5,2022-06-25,0.63,159,1095,982,29.06,3,1,0,1,0,1,0.4361,0.5639
72072,2022,Full Season,1926.1,2022-05-22,0.38,100,1095,1088,13.28,1,4,0,0,0,0,0.8748,0.1252
72383,2022,Full Season,6566.25,2022-06-25,0.63,159,1095,1109,1770.78,0,0,0,1,0,1,0.4796,0.5204
72470,2022,Full Season,1400.8,1970-01-01,0.0,162,1095,972,62.69,0,0,0,1,0,1,0.4074,0.5926
72520,2022,Full Season,1020.0,2022-05-28,0.44,161,1095,1053,37.51,0,1,0,1,0,0,0.6812,0.3188
72569,2022,Half Season,970.0,2022-04-09,0.5,1,1095,968,26.68,2,0,1,0,0,0,0.8573,0.1427
72631,2022,Full Season,890.12,2022-02-26,0.14,45,365,270,3781.52,7,0,0,1,0,0,0.622,0.378
72997,2022,Full Season,2276.3,2022-04-09,0.06,162,1095,1115,47.74,4,0,0,2,0,1,0.3495,0.6505
73044,2022,Full Season,3315.0,2022-04-09,0.25,162,1095,1109,48.6,4,2,0,1,0,1,0.3976,0.6024
73087,2022,Full Season,6128.5,2022-04-24,0.5,162,1095,1110,56.49,3,1,0,1,0,1,0.2935,0.7065
73331,2022,Full Season,2720.0,2022-06-25,0.63,162,1095,1054,23.21,0,0,1,0,0,1,0.4347,0.5653
73361,2022,Full Season,5253.0,2022-05-28,0.88,53,1095,1111,11.08,0,1,0,0,0,0,0.8425,0.1575
73564,2022,Full Season,4377.5,2022-05-28,0.88,159,365,564,8.11,0,1,0,0,0,0,0.801,0.199
73838,2022,Full Season,3243.74,2022-03-12,0.25,53,730,885,10.7,6,0,0,1,0,0,0.5534,0.4466
73891,2022,Full Season,1105.0,2022-05-22,0.38,100,1095,1091,16.19,1,2,0,1,0,0,0.8668,0.1332
74258,2022,Full Season,787.95,1970-01-01,0.0,162,1095,1053,23.21,0,0,0,1,0,1,0.3787,0.6213
74346,2022,Full Season,3852.2,2022-04-24,0.13,30,730,970,8.55,3,0,0,2,0,0,0.5125,0.4875
74349,2022,Full Season,3918.76,1970-01-01,0.0,159,1095,961,16.2,0,0,0,1,0,1,0.4212,0.5788
74429,2022,Full Season,1926.1,2022-05-28,0.56,162,1095,1091,18.51,0,0,0,1,0,0,0.6566,0.3434
74438,2022,Full Season,437.75,2022-05-22,0.63,159,1095,1054,9.54,1,1,1,0,0,0,0.8283,0.1717
74592,2022,Full Season,6128.5,2022-04-24,0.13,162,1095,1108,48.37,3,0,0,2,0,1,0.3191,0.6809
74620,2022,Full Season,13600.0,2022-05-22,0.44,51,730,739,50.84,1,1,1,0,0,0,0.8715,0.1285
74678,2022,Full Season,6128.5,2022-04-24,0.19,162,1095,1108,8.55,3,0,0,2,0,1,0.2887,0.7113
74714,2022,Full Season,5253.0,2022-02-26,0.13,159,365,557,1438.19,7,0,0,1,0,0,0.6593,0.3407
74782,2022,Full Season,2276.3,2022-06-25,0.94,109,1095,1090,6.14,0,1,0,0,0,1,0.451,0.549
74799,2022,Full Season,1313.25,1970-01-01,0.0,159,1095,1054,27.17,0,0,0,1,0,1,0.3591,0.6409
74818,2022,Full Season,2210.0,2022-06-25,0.63,58,1095,1042,36.77,2,0,2,0,0,0,0.6328,0.3672
74947,2022,Full Season,244.62,1970-01-01,0.0,162,730,757,69.88,0,0,1,0,0,0,0.7409,0.2591
74975,2022,Full Season,65.14,1970-01-01,0.0,161,730,520,32.18,0,1,0,0,0,0,0.6706,0.3294
75324,2022,Full Season,1575.9,2022-06-25,1.0,99,730,968,10.5,0,1,0,0,0,0,0.6492,0.3508
75716,2022,Full Season,2276.3,2022-05-22,0.25,162,1095,1006,39.09,1,1,1,1,0,0,0.7685,0.2315
75722,2022,Full Season,127.81,1970-01-01,0.0,159,730,831,54.54,0,0,0,1,0,0,0.7336,0.2664
75827,2022,Full Season,7004.0,2022-05-28,0.44,9,1095,1115,38.61,0,1,0,1,0,0,0.9517,0.0483
76087,2022,Full Season,1050.6,2022-06-25,0.75,22,1095,1040,11.36,0,2,0,0,0,0,0.6916,0.3084
76095,2022,Full Season,5690.75,2022-06-25,0.3,102,1095,1089,52.45,0,0,0,1,0,0,0.5137,0.4863
76117,2022,Full Season,1050.6,2022-02-26,0.13,161,1095,1059,24.84,7,0,0,1,0,0,0.5004,0.4996
76134,2022,Full Season,437.75,1970-01-01,0.0,159,730,957,24.84,0,0,0,1,0,0,0.6504,0.3496
76137,2022,Full Season,2448.0,2022-05-22,0.46,39,365,415,46.24,1,2,1,0,0,0,0.8835,0.1165
76171,2022,Full Season,437.75,1970-01-01,0.0,159,730,1006,9.54,0,0,0,1,0,0,0.508,0.492
76234,2022,Full Season,1050.6,2022-06-25,0.75,161,1095,1090,63.09,0,1,1,0,0,1,0.3906,0.6094
76315,2022,Full Season,2210.0,1970-01-01,0.0,162,1095,1091,37.83,0,0,0,1,0,1,0.3605,0.6395
76496,2022,Full Season,3898.1,2022-03-12,0.06,162,1095,1060,52.45,6,1,0,1,0,1,0.2459,0.7541
76839,2022,Full Season,2210.0,2022-06-25,0.56,96,1095,964,37.83,0,0,2,0,0,0,0.7911,0.2089
76843,2022,Full Season,3414.45,2022-03-12,0.25,38,1095,998,67.51,6,0,0,1,0,1,0.4965,0.5035
77026,2022,Full Season,1530.0,2022-04-09,0.38,162,1095,1053,18.62,4,1,0,1,0,1,0.4499,0.5501
77298,2022,Full Season,2276.3,2022-06-25,0.56,162,1095,1055,11.08,0,0,0,1,0,1,0.365,0.635
77341,2022,Full Season,5769.32,2022-06-25,0.44,88,365,313,0.0,0,0,0,1,0,0,0.7378,0.2622
77465,2022,Full Season,4377.5,2022-06-25,0.63,159,1095,1108,20.98,2,0,2,0,0,0,0.5338,0.4662
77604,2022,Full Season,3151.8,2022-06-25,0.72,162,1095,1055,16.19,1,3,0,0,0,1,0.3204,0.6796
77606,2022,Full Season,875.5,2022-06-25,0.88,159,730,972,11.45,0,0,1,0,0,1,0.4444,0.5556
77695,2022,Full Season,1575.9,1970-01-01,0.0,162,1095,1066,10.46,0,0,0,1,0,1,0.3221,0.6779
77762,2022,Full Season,525.3,1970-01-01,0.0,161,1095,1095,52.45,0,0,0,1,0,1,0.434,0.566
77774,2022,Full Season,875.5,1970-01-01,0.0,159,1095,1026,60.17,0,0,0,1,0,1,0.4069,0.5931
77795,2022,Full Season,1104.88,2022-06-25,0.5,162,1095,1004,33.3,3,0,1,1,0,1,0.4368,0.5632
77840,2022,Full Season,1926.1,2022-06-25,0.88,100,1095,1066,10.46,0,1,0,0,0,0,0.5457,0.4543
77899,2022,Full Season,1972.0,2022-03-12,0.13,82,1095,957,8.04,6,1,0,1,0,0,0.5113,0.4887
77916,2022,Full Season,7879.5,2022-03-12,0.21,159,1095,1094,17.91,6,0,0,1,0,1,0.1929,0.8071
78020,2022,Full Season,1400.8,1970-01-01,0.0,162,1095,747,38.79,0,0,0,1,0,0,0.57,0.43
78037,2022,Full Season,2801.6,2022-06-25,0.72,162,1095,1053,53.83,0,1,0,0,0,1,0.3777,0.6223
78067,2022,Full Season,1050.6,1970-01-01,0.0,161,730,739,67.51,0,0,0,1,0,0,0.5727,0.4273
78095,2022,Full Season,402.04,1970-01-01,0.0,162,730,780,16.19,0,0,0,1,0,0,0.6093,0.3907
78097,2022,Full Season,902.64,2022-05-28,0.35,159,1095,984,56.49,0,1,2,0,0,0,0.8385,0.1615
78206,2022,Full Season,7004.0,2022-06-25,0.75,162,1095,1108,48.37,2,1,1,0,0,1,0.2873,0.7127
78622,2022,Full Season,1400.8,1970-01-01,0.0,162,1095,1039,1653.89,0,0,0,1,0,1,0.3931,0.6069
78886,2022,Full Season,1050.6,1970-01-01,0.0,161,1095,1067,5.68,0,0,0,1,0,1,0.2973,0.7027
78943,2022,Full Season,794.44,2022-04-24,0.25,99,1095,824,46.07,1,1,0,1,0,0,0.7999,0.2001
79070,2022,Full Season,2276.3,2022-05-28,0.63,99,1095,1109,10.7,0,3,0,0,0,0,0.8149,0.1851
79119,2022,Full Season,1926.1,2022-05-28,0.63,162,1095,1091,11.36,0,2,0,0,0,0,0.6565,0.3435
79207,2022,Full Season,821.22,1970-01-01,0.0,159,1095,1054,3718.38,0,0,0,1,0,0,0.5326,0.4674
79253,2022,Full Season,10506.0,2022-05-14,0.31,159,1095,1088,35.1,2,0,2,0,0,0,0.8244,0.1756
79485,2022,Full Season,2975.0,2022-06-25,0.6,110,1095,1094,33.3,0,0,0,1,0,0,0.5388,0.4612
79486,2022,Full Season,1138.15,2022-05-28,0.63,162,1095,1041,50.84,0,1,1,0,0,0,0.663,0.337
79597,2022,Full Season,247.42,1970-01-01,0.0,162,1095,844,63.09,0,0,0,1,0,0,0.6625,0.3375
79622,2022,Full Season,1050.6,1970-01-01,0.0,161,1095,1074,48.37,0,0,0,1,0,1,0.3605,0.6395
79624,2022,Full Season,6128.5,2022-05-22,0.19,162,1095,1109,27.58,1,2,0,1,0,0,0.6404,0.3596
79791,2022,Full Season,2276.3,2022-05-14,0.31,162,1095,1089,45.06,2,0,1,1,0,0,0.728,0.272
79916,2022,Full Season,22100.0,2022-05-28,0.75,157,730,993,23.14,0,1,0,0,0,0,0.6991,0.3009
79966,2022,Full Season,2958.0,2022-06-25,0.63,33,0,258,26.81,0,0,2,0,0,0,0.8991,0.1009
80091,2022,Full Season,3064.25,1970-01-01,0.0,162,730,952,1643.07,0,0,0,1,0,1,0.4371,0.5629
80314,2022,Full Season,3054.4,1970-01-01,0.0,3,0,143,158.52,0,0,1,0,0,0,0.9118,0.0882
80369,2022,Full Season,1575.9,2022-05-22,0.25,161,730,711,26.22,1,2,0,1,0,0,0.795,0.205
80383,2022,Full Season,2276.3,2022-05-28,0.5,99,730,982,26.22,0,2,1,0,0,0,0.827,0.173
80465,2022,Full Season,2276.3,2022-05-22,0.13,100,1095,1052,163.51,1,1,0,1,0,0,0.7369,0.2631
80495,2022,Full Season,1400.8,2022-04-09,0.38,162,730,745,8.55,4,1,0,1,0,0,0.7882,0.2118
80533,2022,Full Season,2276.3,2022-05-28,0.5,162,1095,1068,1716.69,0,0,0,1,0,0,0.6658,0.3342
80645,2022,Full Season,1020.0,2022-05-28,0.75,101,1095,1074,17.84,0,2,0,0,0,0,0.8205,0.1795
80649,2022,Full Season,5253.0,2022-06-25,0.56,102,1095,1110,26.22,0,2,1,0,0,0,0.5281,0.4719
80659,2022,Full Season,2889.15,1970-01-01,0.0,162,1095,992,22.27,0,0,0,1,0,1,0.3092,0.6908
80688,2022,Full Season,6128.5,1970-01-01,0.0,162,1095,1103,18.62,0,0,0,1,0,1,0.2504,0.7496
80732,2022,Full Season,1050.6,2022-06-25,0.38,161,1095,1051,17.84,0,0,0,1,0,1,0.4916,0.5084
80735,2022,Full Season,7529.3,2022-06-25,0.59,26,1095,1110,13.28,0,2,0,0,0,0,0.6928,0.3072
81086,2022,Full Season,476.0,2022-06-25,0.88,71,730,963,46.25,0,2,0,0,0,0,0.7183,0.2817
81109,2022,Full Season,1970.94,1970-01-01,0.0,162,365,612,12.75,0,0,0,1,0,1,0.4729,0.5271
81301,2022,Full Season,2276.3,2022-05-28,0.69,99,1095,1054,14.62,0,0,1,0,0,0,0.8341,0.1659
81380,2022,Full Season,2276.3,1970-01-01,0.0,162,1095,1076,37.83,0,0,0,1,0,1,0.3588,0.6412
81620,2022,Full Season,1210.48,1970-01-01,0.0,22,1095,1109,0.0,0,0,0,0,0,0,0.5973,0.4027
81944,2022,Full Season,15912.0,2022-05-22,0.44,88,365,313,8.55,1,1,1,0,0,0,0.758,0.242
82002,2022,Full Season,425.0,1970-01-01,0.0,122,1095,1095,46.25,0,0,0,1,0,0,0.5887,0.4113
82041,2022,Full Season,6800.0,2022-05-28,0.75,82,1095,1101,35.1,0,1,0,0,0,0,0.8534,0.1466
82230,2022,Full Season,714.0,2022-06-25,1.0,8,365,233,23.51,0,1,0,0,0,0,0.8154,0.1846
82271,2022,Full Season,476.0,2022-05-28,0.75,43,365,268,14.32,0,0,1,0,0,0,0.9141,0.0859
82439,2022,Full Season,10200.0,2022-06-25,0.75,159,1095,1111,37.83,0,0,1,0,0,1,0.3743,0.6257
82652,2022,Full Season,2276.3,1970-01-01,0.0,162,1095,1066,26.22,0,0,0,1,0,1,0.3425,0.6575
82674,2022,Full Season,2889.15,2022-05-22,0.71,162,1095,1056,11.36,1,2,0,0,0,0,0.6815,0.3185
82774,2022,Full Season,5100.0,2022-04-24,0.38,159,1095,1015,35.95,3,0,1,1,0,1,0.4293,0.5707
82787,2022,Full Season,1926.1,2022-05-22,0.63,95,730,968,45.06,1,3,0,0,0,0,0.8639,0.1361
82867,2022,Full Season,2276.3,2022-06-25,0.63,162,1095,1080,21.65,0,2,0,0,0,1,0.3918,0.6082
82901,2022,Full Season,349.86,2022-02-26,0.25,99,1095,879,58.29,3,0,0,1,0,0,0.7526,0.2474
82910,2022,Flex Plan,688.0,2022-06-25,0.0,15,0,33,10.7,0,0,0,0,0,0,0.9478,0.0522
82923,2022,Full Season,7004.0,2022-06-25,0.5,162,1095,1111,55.5,0,0,1,1,0,1,0.3728,0.6272
82976,2022,Full Season,409.3,1970-01-01,0.0,159,1095,1039,23.26,0,0,0,1,0,1,0.4939,0.5061
83590,2022,Full Season,2210.0,2022-03-12,0.19,162,730,964,20.98,6,0,0,1,0,1,0.4688,0.5312
84040,2022,Full Season,1575.9,2022-04-24,0.25,162,1095,1059,0.0,3,1,1,1,0,1,0.4526,0.5474
84091,2022,Full Season,2176.24,1970-01-01,0.0,159,730,837,82.62,0,0,0,1,0,0,0.5662,0.4338
84178,2022,Full Season,1062.44,2022-06-25,1.0,3,0,143,82.62,1,1,0,0,0,0,0.9367,0.0633
84460,2022,Flex Plan,134.0,2022-06-25,0.0,15,0,33,63.09,0,0,0,0,0,0,0.9798,0.0202
84516,2022,Full Season,376.86,1970-01-01,0.0,159,730,808,33.23,0,0,0,1,0,0,0.66,0.34
84633,2022,Full Season,875.5,2022-04-24,0.38,159,1095,745,45.06,3,0,1,1,0,0,0.7854,0.2146
85478,2022,Full Season,2276.3,2022-06-25,0.13,162,1095,1091,8.0,0,0,0,1,0,1,0.4286,0.5714
85498,2022,Full Season,2276.3,2022-05-14,0.5,162,1095,1090,1.84,2,0,2,0,0,0,0.6387,0.3613
85510,2022,Full Season,6828.9,2022-03-12,0.08,162,1095,1068,13.37,6,1,0,1,0,1,0.2246,0.7754
85550,2022,Full Season,15759.0,2022-06-25,0.44,159,730,969,18.51,2,0,2,0,0,0,0.7386,0.2614
85668,2022,Full Season,875.5,2022-02-26,0.13,159,1095,1032,167.71,7,0,0,1,0,0,0.5673,0.4327
85673,2022,Full Season,6566.25,2022-05-22,0.71,159,1095,1111,10.7,1,2,0,0,0,0,0.7631,0.2369
85922,2022,Full Season,550.0,1970-01-01,0.0,162,1095,908,46.5,0,0,0,1,0,0,0.6121,0.3879
85930,2022,Half Season,2820.0,2022-06-25,1.0,30,0,194,184.29,0,1,0,0,0,0,0.9005,0.0995
85970,2022,Full Season,875.5,2022-04-24,0.13,159,1095,984,17.51,3,0,0,2,0,1,0.4929,0.5071
86073,2022,Full Season,124.31,1970-01-01,0.0,159,1095,827,19.63,0,0,0,1,0,0,0.6927,0.3073
86101,2022,Full Season,11900.0,2022-02-26,0.13,81,1095,1080,21.65,7,0,0,1,0,1,0.4212,0.5788
86197,2022,Full Season,357.38,1970-01-01,0.0,162,1095,844,29.38,0,0,0,1,0,0,0.6121,0.3879
86311,2022,Half Season,485.0,2022-05-22,0.75,14,730,225,25.94,0,1,0,0,0,0,0.9687,0.0313
86348,2022,Full Season,2112.0,2022-02-26,0.06,162,1095,1054,59.13,7,0,0,1,0,0,0.5811,0.4189
86364,2022,Full Season,850.0,2022-05-28,0.63,159,1095,1042,38.86,0,1,1,0,0,0,0.7496,0.2504
86382,2022,Flex Plan,746.0,2022-05-22,1.0,5,0,145,0.0,0,0,0,0,0,0,0.9424,0.0576
86572,2022,Full Season,2276.3,2022-05-22,0.31,162,1095,1115,46.24,1,1,0,1,0,0,0.761,0.239
86619,2022,Full Season,4377.5,2022-06-25,1.0,99,730,942,48.6,0,1,0,0,0,0,0.7485,0.2515
86640,2022,Full Season,68.72,1970-01-01,0.0,159,1095,793,13.28,0,0,0,1,0,0,0.6454,0.3546
86750,2022,Full Season,2889.15,2022-06-25,0.21,162,1095,996,26.75,4,0,0,2,0,1,0.3185,0.6815
86814,2022,Full Season,4420.0,2022-06-25,0.78,102,1095,1111,20.13,0,2,0,0,0,0,0.549,0.451
86876,2022,Full Season,2276.3,1970-01-01,0.0,162,1095,1052,8.55,0,0,0,1,0,1,0.2936,0.7064
86903,2022,Flex Plan,67.0,1970-01-01,0.0,9,0,27,0.0,0,0,0,0,0,0,0.9406,0.0594
86934,2022,Full Season,381.38,2022-04-24,0.13,162,1095,941,33.3,3,0,0,2,0,0,0.7045,0.2955
86996,2022,Full Season,3502.0,2022-06-25,1.0,162,730,745,47.99,0,1,0,0,0,0,0.5978,0.4022
87050,2022,Full Season,3502.0,2022-06-25,1.0,162,1095,1102,26.75,0,1,0,0,0,1,0.3288,0.6712
87147,2022,Full Season,2276.3,1970-01-01,0.0,162,1095,1112,47.74,0,0,0,1,0,1,0.3588,0.6412
87164,2022,Half Season,536.0,2022-06-25,2.0,10,730,721,1885.68,0,0,0,0,0,0,0.9351,0.0649
87229,2022,Full Season,821.22,1970-01-01,0.0,159,1095,1033,46.07,0,0,0,1,0,1,0.3901,0.6099
87240,2022,Full Season,2276.3,2022-05-22,0.25,75,1095,745,48.37,1,1,0,1,0,0,0.8856,0.1144
87247,2022,Full Season,1575.9,1970-01-01,0.0,162,1095,1054,0.0,0,0,0,1,0,1,0.3123,0.6877
87380,2022,Full Season,14587.96,2022-06-25,0.63,108,1095,1055,26.75,0,0,1,0,0,0,0.556,0.444
87472,2022,Full Season,7004.0,2022-02-26,0.13,113,1095,1108,44.68,7,0,0,1,0,0,0.5415,0.4585
87513,2022,Full Season,3414.45,2022-06-25,0.63,162,1095,1081,48.37,0,2,0,0,0,1,0.3796,0.6204
87567,2022,Full Season,816.0,2022-06-25,0.75,33,0,258,11.45,1,3,0,0,0,0,0.8783,0.1217
87647,2022,Full Season,1050.6,2022-06-25,0.31,96,730,978,23.21,2,1,1,1,0,0,0.6142,0.3858
87741,2022,Full Season,1530.0,2022-05-14,0.13,43,1095,1053,9.54,2,0,1,1,0,0,0.7601,0.2399
87775,2022,Full Season,5253.0,2022-04-09,0.25,159,1095,1110,47.74,4,0,1,1,0,1,0.4276,0.5724
87865,2022,Full Season,2276.3,2022-06-25,0.56,162,1095,1095,38.86,0,1,0,1,0,1,0.3892,0.6108
87891,2022,Full Season,437.75,2022-06-25,0.75,159,1095,997,11.98,2,1,1,0,0,1,0.4256,0.5744
87954,2022,Full Season,5253.0,2022-03-12,0.25,159,1095,1109,44.68,6,0,0,1,0,1,0.2386,0.7614
88053,2022,Full Season,7004.0,2022-05-28,0.75,96,1095,1083,59.73,0,0,1,0,0,0,0.8602,0.1398
88059,2022,Full Season,1400.8,2022-06-25,0.75,162,365,565,25.16,1,1,1,0,0,0,0.6481,0.3519
88248,2022,Full Season,6128.5,2022-05-28,0.56,102,1095,1111,5.77,0,0,0,1,0,0,0.796,0.204
88267,2022,Full Season,5253.0,2022-06-25,0.06,159,1095,1103,10.7,0,0,0,1,0,1,0.3707,0.6293
88313,2022,Full Season,1926.1,2022-03-12,0.25,97,730,746,18.51,6,0,0,1,0,0,0.6377,0.3623
88349,2022,Full Season,1050.6,2022-05-22,0.25,161,730,710,62.69,1,3,1,0,0,0,0.7944,0.2056
88463,2022,Full Season,1020.0,2022-06-25,0.44,161,1095,1049,17.0,4,1,0,1,0,1,0.4375,0.5625
88617,2022,Full Season,200.14,1970-01-01,0.0,162,1095,831,26.75,0,0,1,0,0,0,0.7291,0.2709
88631,2022,Full Season,437.75,1970-01-01,0.0,159,730,954,52.45,0,0,0,1,0,0,0.658,0.342
88672,2022,Full Season,1575.9,2022-06-25,0.75,162,1095,1054,27.17,0,1,1,0,0,1,0.3431,0.6569
88679,2022,Full Season,437.75,2022-02-26,0.13,159,1095,1054,10.5,7,0,0,1,0,0,0.5409,0.4591
88699,2022,Full Season,10506.0,2022-03-12,0.25,159,730,955,48.17,6,0,0,1,0,1,0.4524,0.5476
88937,2022,Full Season,1926.1,2022-06-25,0.81,10,1095,975,44.7,1,2,0,0,0,0,0.7103,0.2897
88942,2022,Full Season,1575.9,2022-06-25,1.0,162,1095,1054,11.04,0,1,0,0,0,1,0.2794,0.7206
89111,2022,Full Season,525.3,2022-05-28,0.25,68,1095,1060,10.46,0,1,0,1,0,0,0.877,0.123
89333,2022,Full Season,875.5,1970-01-01,0.0,159,1095,1054,74.68,0,0,0,1,0,1,0.4242,0.5758
89453,2022,Full Season,6128.5,2022-06-25,0.88,162,1095,1111,49.95,0,0,1,0,0,1,0.3637,0.6363
89492,2022,Full Season,2101.2,2022-06-25,0.94,161,1095,1054,1146.99,0,1,0,0,0,1,0.3264,0.6736
89585,2022,Full Season,1400.8,1970-01-01,0.0,162,1095,747,41.7,0,0,0,1,0,0,0.57,0.43
89716,2022,Full Season,245.62,1970-01-01,0.0,18,0,124,2245.64,0,0,0,0,0,0,0.9446,0.0554
89773,2022,Full Season,7004.0,2022-05-22,0.56,39,730,949,23.35,1,1,1,0,0,0,0.8835,0.1165
89878,2022,Full Season,875.5,1970-01-01,0.0,117,730,969,24.84,0,0,0,1,0,0,0.6087,0.3913
89952,2022,Full Season,1575.9,2022-04-09,0.25,162,1095,1049,67.51,4,1,0,1,0,0,0.5606,0.4394
90010,2022,Full Season,7004.0,2022-04-24,0.38,162,1095,1111,21.19,3,0,1,1,0,1,0.3557,0.6443
90014,2022,Flex Plan,346.0,1970-01-01,0.0,50,0,138,0.0,0,0,0,0,0,0,0.8827,0.1173
90109,2022,Full Season,6128.5,2022-05-28,0.5,162,1095,1105,2.83,0,0,0,1,0,0,0.581,0.419
90131,2022,Full Season,1156.0,2022-05-14,0.38,26,0,251,38.24,2,1,2,0,0,0,0.9035,0.0965
90235,2022,Full Season,1970.94,2022-04-09,0.1,162,1095,976,1.84,3,0,0,2,0,1,0.304,0.696
90364,2022,Full Season,2276.3,2022-06-25,0.38,162,730,711,56.08,6,0,0,1,0,0,0.7241,0.2759
90399,2022,Flex Plan,201.0,1970-01-01,0.0,15,365,346,46.25,0,0,0,0,0,0,0.8452,0.1548
90435,2022,Full Season,3151.8,2022-06-25,0.31,162,730,970,29.38,0,0,0,1,0,1,0.4017,0.5983
90440,2022,Full Season,1632.0,2022-06-25,0.69,10,365,351,23.14,0,1,0,0,0,0,0.8342,0.1658
90584,2022,Full Season,5253.0,2022-05-28,0.88,102,1095,1089,59.73,0,1,0,0,0,0,0.8545,0.1455
90745,2022,Full Season,1575.9,2022-06-25,0.19,162,730,976,2.83,1,1,0,1,0,1,0.4303,0.5697
90922,2022,Full Season,562.62,1970-01-01,0.0,162,730,843,48.37,0,0,0,1,0,0,0.6241,0.3759
91090,2022,Full Season,1360.0,2022-04-24,0.13,108,730,989,16.19,3,0,0,2,0,0,0.6005,0.3995
91104,2022,Full Season,1693.56,1970-01-01,0.0,161,1095,1053,22.27,0,0,0,1,0,1,0.3478,0.6522
91383,2022,Full Season,3414.45,2022-05-28,0.33,162,1095,1066,32.18,0,0,1,1,0,0,0.6749,0.3251
91406,2022,Full Season,2276.3,2022-05-28,0.81,101,1095,1069,18.62,0,1,0,0,0,0,0.844,0.156
91686,2022,Full Season,1827.86,2022-04-09,0.2,162,1095,1061,47.99,1,1,0,1,0,0,0.5286,0.4714
91707,2022,Full Season,10506.0,1970-01-01,0.0,159,730,965,11.36,0,0,0,1,0,1,0.3847,0.6153
92230,2022,Full Season,8755.0,2022-05-22,0.09,159,730,747,23.35,1,2,0,1,0,0,0.6787,0.3213
92270,2022,Full Season,5100.0,2022-06-25,0.75,96,1095,1091,27.58,1,3,0,0,0,0,0.5389,0.4611
92278,2022,Full Season,1575.9,2022-06-25,0.69,80,1095,1042,28.09,0,2,0,0,0,0,0.5701,0.4299
92287,2022,Full Season,2346.0,1970-01-01,0.0,37,730,982,265.98,0,0,0,1,0,0,0.5467,0.4533
92295,2022,Full Season,7004.0,2022-05-28,0.75,162,1095,1111,59.73,0,2,0,0,0,0,0.6448,0.3552
92362,2022,Full Season,7004.0,2022-05-28,0.69,162,1095,1109,27.17,0,0,1,0,0,0,0.6477,0.3523
92396,2022,Full Season,6128.5,2022-05-28,0.75,162,1095,1089,27.58,0,0,1,0,0,0,0.6477,0.3523
92464,2022,Full Season,1050.6,2022-06-25,0.75,161,1095,1089,26.68,1,3,0,0,0,1,0.3019,0.6981
92777,2022,Full Season,3414.45,2022-05-22,0.58,162,730,739,8.0,1,2,0,0,0,0,0.8041,0.1959
93058,2022,Full Season,5253.0,1970-01-01,0.0,159,1095,1109,55.5,0,0,0,1,0,1,0.2771,0.7229
93132,2022,Full Season,10506.0,2022-06-25,0.75,38,1095,1111,56.49,0,2,0,0,0,0,0.6933,0.3067
93198,2022,Full Season,2276.3,1970-01-01,0.0,162,1095,1095,63.09,0,0,0,1,0,1,0.3979,0.6021
93199,2022,Full Season,7004.0,2022-05-28,0.25,162,1095,1111,47.74,0,0,1,1,0,0,0.6957,0.3043
93345,2022,Half Season,2436.0,2022-05-22,1.0,5,1095,951,47.74,0,0,0,0,0,0,0.9588,0.0412
93407,2022,Full Season,437.75,2022-05-28,0.13,159,1095,1025,29.7,0,0,0,1,0,0,0.734,0.266
93453,2022,Half Season,2234.0,1970-01-01,0.0,16,1095,1111,108.54,0,0,0,1,0,0,0.5628,0.4372
93531,2022,Full Season,1575.9,2022-05-28,0.75,162,1095,1090,38.79,0,2,0,0,0,0,0.6205,0.3795
93542,2022,Full Season,14008.0,2022-05-28,0.75,162,1095,1111,26.81,0,1,0,0,0,0,0.5979,0.4021
93618,2022,Full Season,5253.0,2022-05-28,0.88,159,1095,1111,28.66,0,1,0,0,0,0,0.741,0.259
93742,2022,Full Season,1870.0,2022-05-28,0.38,162,1095,1054,27.58,0,1,0,1,0,0,0.6951,0.3049
93761,2022,Full Season,875.5,2022-06-25,0.63,159,1095,979,38.24,0,0,0,1,0,1,0.4629,0.5371
93811,2022,Full Season,437.75,2022-06-25,0.75,159,1095,993,1.84,1,1,1,0,0,1,0.3937,0.6063
93859,2022,Full Season,4377.5,2022-05-28,0.56,159,1095,1073,37.83,0,1,1,0,0,0,0.7211,0.2789
93869,2022,Full Season,10506.0,2022-06-25,0.34,159,365,598,10.46,2,1,1,1,0,0,0.6918,0.3082
93903,2022,Flex Plan,134.0,2022-06-25,0.0,15,365,33,0.0,0,0,0,0,0,0,0.9222,0.0778
93908,2022,Full Season,5253.0,2022-04-24,0.38,159,1095,1102,25.94,3,0,1,1,0,1,0.3817,0.6183
93952,2022,Full Season,1050.6,2022-06-25,0.88,161,1095,1054,33.3,0,1,0,0,0,1,0.3278,0.6722
94023,2022,Full Season,1926.1,2022-04-24,0.19,162,1095,1087,2.83,3,0,0,2,0,1,0.3536,0.6464
94183,2022,Full Season,1062.44,2022-06-25,1.5,3,0,143,27.58,0,0,0,0,0,0,0.9079,0.0921
94208,2022,Full Season,437.75,1970-01-01,0.0,159,730,964,26.68,0,0,0,1,0,0,0.6548,0.3452
94288,2022,Full Season,2276.3,2022-04-24,0.5,162,1095,1052,167.71,3,1,0,1,0,1,0.4019,0.5981
94442,2022,Full Season,787.95,1970-01-01,0.0,162,1095,825,63.09,0,0,0,1,0,0,0.5808,0.4192
94643,2022,Full Season,1034.42,1970-01-01,0.0,159,1095,997,48.37,0,0,0,1,0,1,0.374,0.626
94645,2022,Half Season,580.0,2022-02-26,0.2,9,1095,1089,60.17,4,0,0,1,0,0,0.6354,0.3646
94671,2022,Full Season,452.3,1970-01-01,0.0,162,730,577,37.83,0,0,0,1,0,0,0.6168,0.3832
94789,2022,Full Season,6128.5,2022-06-25,0.81,102,1095,1108,17.84,0,0,1,0,0,0,0.6246,0.3754
94839,2022,Full Season,4552.6,2022-05-22,0.56,95,730,971,26.81,1,1,1,0,0,0,0.8232,0.1768
94869,2022,Full Season,164.94,2022-02-26,0.33,161,1095,869,18.62,2,0,1,0,0,0,0.7813,0.2187
94986,2022,Full Season,18385.5,2022-03-12,0.08,102,730,739,59.73,6,1,0,1,0,1,0.4842,0.5158
95097,2022,Full Season,476.0,2022-05-22,0.13,29,0,254,0.0,1,1,0,1,0,0,0.8767,0.1233
95112,2022,Full Season,3414.45,1970-01-01,0.0,162,730,965,14.62,0,0,0,1,0,1,0.4164,0.5836
95254,2022,Full Season,1575.9,2022-06-25,0.88,101,1095,1076,33.3,1,2,0,0,0,1,0.4768,0.5232
95370,2022,Full Season,677.4,1970-01-01,0.0,1,0,135,1756.9,0,1,0,0,0,0,0.9292,0.0708
95491,2022,Full Season,437.75,1970-01-01,0.0,159,730,963,54.54,0,0,0,1,0,0,0.6624,0.3376
95590,2022,Full Season,329.88,1970-01-01,0.0,162,1095,787,7.19,0,0,0,1,0,0,0.5283,0.4717
95603,2022,Full Season,2276.3,2022-05-28,0.75,98,730,964,55.5,0,0,1,0,0,0,0.8524,0.1476
95815,2022,Full Season,137.44,1970-01-01,0.0,159,730,794,26.81,0,0,0,1,0,0,0.7269,0.2731
95822,2022,Full Season,2276.3,2022-04-24,0.25,162,1095,1060,8.11,3,0,0,2,0,1,0.3536,0.6464
95828,2022,Full Season,525.3,2022-05-28,0.38,161,1095,1081,23.26,0,1,0,1,0,0,0.7584,0.2416
95901,2022,Full Season,952.0,2022-04-24,0.13,65,365,290,14.32,3,0,0,2,0,0,0.8572,0.1428
95977,2022,Full Season,2276.3,1970-01-01,0.0,162,1095,737,53.53,0,0,0,1,0,0,0.5724,0.4276
96040,2022,Full Season,1838.55,2022-05-28,0.46,110,1095,1063,59.73,0,1,1,0,0,0,0.8463,0.1537
96111,2022,Full Season,5253.0,1970-01-01,0.0,159,1095,991,55.5,0,0,0,1,0,1,0.3031,0.6969
96217,2022,Full Season,700.4,2022-06-25,0.75,162,730,746,11.98,0,0,0,1,0,0,0.6158,0.3842
96231,2022,Full Season,875.5,2022-05-22,0.75,159,730,988,26.81,1,2,0,0,0,0,0.7657,0.2343
96506,2022,Full Season,1050.6,2022-05-28,0.13,161,1095,745,10.7,0,0,0,1,0,0,0.6811,0.3189
96605,2022,Full Season,1050.6,2022-05-22,0.44,161,1095,1054,33.3,1,2,1,0,0,0,0.7139,0.2861
96666,2022,Full Season,5253.0,2022-05-28,0.75,159,1095,1110,25.94,0,1,0,0,0,0,0.7437,0.2563
96696,2022,Full Season,2276.3,2022-05-14,0.13,123,1095,1108,63.09,2,0,1,1,0,0,0.7281,0.2719
96741,2022,Half Season,2028.0,1970-01-01,0.0,10,1095,1071,41.44,0,0,0,1,0,0,0.5815,0.4185
96851,2022,Full Season,3414.45,2022-05-28,0.38,162,1095,961,11.04,0,1,2,0,0,0,0.8171,0.1829
97061,2022,Full Season,152.76,1970-01-01,0.0,159,730,843,47.74,0,0,0,1,0,0,0.7317,0.2683
97062,2022,Full Season,3414.45,1970-01-01,0.0,162,1095,956,70.93,0,0,0,1,0,1,0.4455,0.5545
97084,2022,Full Season,3414.45,2022-05-22,0.08,162,1095,962,76.98,1,1,0,1,0,0,0.6658,0.3342
97096,2022,Full Season,329.88,1970-01-01,0.0,161,730,785,22.58,0,0,0,1,0,0,0.6043,0.3957
97120,2022,Full Season,1575.9,1970-01-01,0.0,162,1095,1095,48.6,0,0,0,1,0,1,0.3605,0.6395
97183,2022,Full Season,458.59,2022-05-22,0.67,68,1095,1061,12.29,1,2,0,0,0,0,0.8689,0.1311
97192,2022,Full Season,278.94,1970-01-01,0.0,1,0,135,3643.64,0,1,0,0,0,0,0.9308,0.0692
97291,2022,Full Season,30.94,1970-01-01,0.0,18,1095,18,0.0,0,1,0,0,0,1,0.4565,0.5435
97319,2022,Full Season,1225.7,2022-06-25,1.0,162,730,962,47.39,0,1,0,0,0,1,0.4999,0.5001
97415,2022,Full Season,4377.5,1970-01-01,0.0,115,1095,1108,19.18,0,0,0,1,0,1,0.3517,0.6483
97680,2022,Full Season,1575.9,2022-06-25,0.88,162,1095,1087,105.02,0,0,1,0,0,1,0.3696,0.6304
97934,2022,Full Season,10608.0,2022-02-26,0.09,4,0,229,0.0,7,0,0,1,0,0,0.7708,0.2292
97962,2022,Full Season,9192.75,2022-06-25,0.25,162,1095,1059,69.88,1,2,0,1,0,1,0.3683,0.6317
98056,2022,Full Season,525.3,2022-05-14,0.63,79,1095,950,69.88,2,1,1,0,0,0,0.8895,0.1105
98355,2022,Full Season,1050.6,2022-06-25,0.31,161,1095,1053,10.46,1,4,0,0,0,1,0.3878,0.6122
98480,2022,Full Season,903.34,2022-04-09,0.14,162,730,746,481.27,3,0,0,2,0,0,0.7295,0.2705
98517,2022,Full Season,437.75,2022-04-09,0.25,159,730,657,52.45,4,0,1,1,0,0,0.8514,0.1486
98535,2022,Full Season,353.71,1970-01-01,0.0,159,1095,990,27.58,0,0,0,1,0,1,0.4843,0.5157
98711,2022,Full Season,1283.78,2022-05-28,1.0,5,0,145,1702.78,0,0,0,0,0,0,0.9576,0.0424
98836,2022,Full Season,7072.0,2022-05-14,0.63,43,0,268,265.36,2,1,1,0,0,0,0.9212,0.0788
98874,2022,Flex Plan,1600.0,2022-06-25,0.0,15,365,33,10.7,0,0,0,0,0,0,0.8026,0.1974
99636,2022,Full Season,4250.0,2022-06-25,0.63,159,730,695,1738.8,1,1,0,1,0,0,0.7213,0.2787
99752,2022,Full Season,1050.6,1970-01-01,0.0,161,730,975,38.79,0,0,0,1,0,1,0.3616,0.6384
99870,2022,Full Season,525.3,1970-01-01,0.0,161,730,991,33.3,0,0,0,1,0,1,0.4351,0.5649
99975,2022,Full Season,4377.5,1970-01-01,0.0,159,1095,1110,46.07,0,0,0,1,0,1,0.2738,0.7262
100022,2022,Full Season,3502.0,2022-05-22,0.65,162,1095,1054,52.45,1,2,0,0,0,0,0.6925,0.3075
100033,2022,Full Season,1895.02,2022-04-09,0.09,162,1095,1094,47.39,2,0,1,1,0,1,0.4521,0.5479
100092,2022,Full Season,1575.9,2022-06-25,0.63,162,1095,1069,19.63,1,2,1,0,0,1,0.3949,0.6051
100173,2022,Full Season,6800.0,1970-01-01,0.0,162,730,723,0.0,0,0,0,1,0,1,0.4316,0.5684
100321,2022,Full Season,2346.0,2022-06-25,0.44,21,1095,1088,47.39,2,0,2,0,0,0,0.808,0.192
100604,2022,Full Season,1050.6,1970-01-01,0.0,161,730,739,47.39,0,0,0,1,0,0,0.5802,0.4198
100779,2022,Full Season,3502.0,1970-01-01,0.0,162,1095,1075,47.74,0,0,0,1,0,1,0.2641,0.7359
100803,2022,Full Season,14008.0,2022-05-28,0.69,162,1095,1111,47.74,0,0,1,0,0,0,0.6074,0.3926
100948,2022,Full Season,2276.3,1970-01-01,0.0,162,730,738,17.0,0,0,0,1,0,0,0.5458,0.4542
101524,2022,Full Season,1926.1,2022-05-28,0.75,162,1095,960,45.06,0,2,0,0,0,0,0.6534,0.3466
101690,2022,Full Season,2276.3,2022-02-26,0.13,17,1095,1054,52.21,7,0,0,1,0,0,0.658,0.342
101697,2022,Full Season,1575.9,2022-06-25,1.0,100,1095,1043,42.31,0,1,0,0,0,0,0.5679,0.4321
102149,2022,Flex Plan,201.0,1970-01-01,0.0,15,0,33,46.25,0,0,0,0,0,0,0.9534,0.0466
102151,2022,Full Season,2276.3,2022-06-25,0.75,162,1095,1067,22.4,0,3,0,0,0,1,0.3394,0.6606
102264,2022,Full Season,8500.0,2022-06-25,0.88,159,1095,1083,7.19,0,1,0,0,0,1,0.32,0.68
102265,2022,Full Season,2801.6,2022-06-25,0.94,162,1095,1060,4375.24,0,1,0,0,0,1,0.481,0.519
102497,2022,Full Season,649.46,1970-01-01,0.0,162,1095,912,59.13,0,0,0,1,0,0,0.6153,0.3847
102510,2022,Full Season,2210.0,2022-06-25,0.75,162,1095,1062,7.19,0,0,0,1,0,1,0.246,0.754
102547,2022,Full Season,1222.9,1970-01-01,0.0,197,730,971,56.49,0,0,0,1,0,1,0.435,0.565
102600,2022,Flex Plan,583.0,1970-01-01,0.0,26,1095,1075,26.75,0,1,0,0,0,0,0.5391,0.4609
102632,2022,Full Season,164.94,1970-01-01,0.0,161,1095,892,46.5,0,0,0,1,0,0,0.6723,0.3277
103163,2022,Full Season,1575.9,2022-04-24,0.19,162,730,948,53.53,3,0,0,2,0,0,0.6819,0.3181
103310,2022,Half Season,2602.0,1970-01-01,0.0,11,1095,944,56.08,0,0,0,1,0,0,0.5694,0.4306
103446,2022,Full Season,6128.5,2022-05-28,0.63,162,1095,1111,67.51,0,3,0,0,0,0,0.6675,0.3325
103899,2022,Full Season,10506.0,2022-05-28,0.67,110,730,958,38.79,0,0,1,0,0,0,0.8417,0.1583
104169,2022,Half Season,3204.0,2022-04-24,0.5,9,1095,1084,26.81,1,2,0,0,0,0,0.7241,0.2759
104214,2022,Full Season,437.75,1970-01-01,0.0,159,730,713,19.18,0,0,0,1,0,0,0.6578,0.3422
104385,2022,Full Season,14008.0,2022-05-28,0.31,99,1095,1111,19.18,0,2,1,0,0,0,0.8288,0.1712
104388,2022,Full Season,10506.0,2022-05-28,0.69,102,1095,1109,7.19,0,2,0,0,0,0,0.8116,0.1884
104390,2022,Full Season,2276.3,2022-06-25,0.81,19,1095,1080,13.28,0,0,1,0,0,0,0.7469,0.2531
104393,2022,Full Season,1050.6,2022-06-25,0.88,161,1095,1094,62.69,0,0,1,0,0,1,0.3696,0.6304
104408,2022,Full Season,5253.0,2022-06-25,0.81,101,1095,1068,9.54,0,2,0,0,0,0,0.5493,0.4507
104762,2022,Full Season,850.0,2022-06-25,0.94,54,1095,1082,59.71,0,1,0,0,0,1,0.4268,0.5732
104881,2022,Full Season,2276.3,2022-06-25,0.81,162,1095,1053,13.28,1,2,0,0,0,1,0.2757,0.7243
105205,2022,Full Season,963.05,1970-01-01,0.0,162,730,999,26.22,0,0,0,1,0,1,0.3627,0.6373
105267,2022,Full Season,355.8,1970-01-01,0.0,162,730,752,11.36,0,0,1,0,0,0,0.6613,0.3387
105271,2022,Full Season,5253.0,1970-01-01,0.0,159,730,954,0.0,0,0,0,1,0,1,0.4314,0.5686
105444,2022,Full Season,1870.0,2022-05-22,0.5,102,730,747,8.11,1,2,1,0,0,0,0.8601,0.1399
105521,2022,Full Season,2276.3,2022-06-25,0.5,162,1095,983,58.32,1,2,0,1,0,1,0.4381,0.5619
105663,2022,Full Season,1050.6,2022-04-24,0.19,161,1095,1045,20.13,3,0,0,2,0,1,0.4393,0.5607
105682,2022,Full Season,2188.75,2022-05-28,0.25,159,730,950,50.84,0,1,0,1,0,0,0.7942,0.2058
105735,2022,Flex Plan,134.0,2022-06-25,0.0,15,365,33,13.28,0,0,0,0,0,0,0.9246,0.0754
105747,2022,Full Season,1225.7,1970-01-01,0.0,162,1095,958,28.66,0,0,0,1,0,0,0.5119,0.4881
105758,2022,Flex Plan,234.0,2022-06-25,0.0,15,0,33,33.23,0,0,0,0,0,0,0.9482,0.0518
105787,2022,Full Season,2276.3,1970-01-01,0.0,51,1095,1024,17.84,0,0,0,1,0,1,0.4685,0.5315
105831,2022,Full Season,1926.1,2022-06-25,0.63,99,730,738,69.88,0,0,2,0,0,0,0.8318,0.1682
105923,2022,Full Season,1530.0,2022-06-25,0.88,162,1095,1059,68.41,0,2,0,0,0,1,0.3052,0.6948
105968,2022,Full Season,6128.5,2022-05-28,0.63,162,1095,1109,26.81,0,1,1,0,0,0,0.6115,0.3885
105975,2022,Full Season,8253.04,2022-05-22,0.63,4,0,172,0.0,1,1,0,0,0,0,0.9292,0.0708
106005,2022,Full Season,2276.3,2022-05-28,0.69,102,730,981,10.46,0,2,0,0,0,0,0.8266,0.1734
106068,2022,Full Season,349.86,1970-01-01,0.0,162,1095,885,52.21,0,0,0,1,0,0,0.6025,0.3975
106340,2022,Full Season,1225.7,2022-06-25,0.5,162,730,963,61.71,2,0,1,1,0,0,0.6897,0.3103
106357,2022,Full Season,10200.0,2022-06-25,0.81,102,1095,1108,26.75,0,0,1,0,0,0,0.5242,0.4758
106368,2022,Full Season,5253.0,2022-06-25,0.75,159,730,944,29.7,0,1,1,0,0,0,0.608,0.392
106395,2022,Full Season,9087.68,2022-04-09,0.17,159,730,958,50.46,2,0,1,1,0,0,0.6773,0.3227
106549,2022,Full Season,1632.0,2022-06-25,0.38,17,0,242,12.29,1,2,0,1,0,0,0.8682,0.1318
107063,2022,Full Season,124.31,2022-03-12,0.2,159,730,591,51.7,3,1,0,1,0,0,0.7238,0.2762
107116,2022,Full Season,2346.0,2022-06-25,0.75,52,0,277,25.16,0,1,1,0,0,0,0.8928,0.1072
107258,2022,Full Season,437.75,2022-05-22,0.13,159,730,950,9.54,1,1,0,1,0,0,0.7817,0.2183
107573,2022,Full Season,1575.9,2022-04-24,0.25,162,1095,1055,37.83,3,0,0,2,0,1,0.4054,0.5946
107923,2022,Full Season,2276.3,2022-06-25,0.63,38,1095,1066,26.75,0,0,0,1,0,0,0.7119,0.2881
107982,2022,Full Season,2276.3,2022-03-12,0.13,162,1095,619,37.51,6,1,0,1,0,0,0.5482,0.4518
108368,2022,Full Season,2135.16,2022-06-25,0.57,14,730,972,38.2,1,2,1,0,0,0,0.7488,0.2512
108505,2022,Full Season,875.5,1970-01-01,0.0,159,1095,976,29.38,0,0,0,1,0,1,0.3819,0.6181
108609,2022,Full Season,453.6,1970-01-01,0.0,61,1095,865,5.68,0,0,0,1,0,0,0.541,0.459
108764,2022,Full Season,1926.1,1970-01-01,0.0,162,730,949,32.55,0,0,0,1,0,0,0.5164,0.4836
108766,2022,Full Season,1575.9,2022-05-14,0.38,162,1095,1060,61.71,2,0,1,1,0,0,0.7185,0.2815
108893,2022,Full Season,1374.7,1970-01-01,0.0,1,0,135,48.37,0,1,0,0,0,0,0.8751,0.1249
109051,2022,Full Season,27.14,1970-01-01,0.0,159,730,718,76.98,0,1,0,0,0,1,0.4904,0.5096
109118,2022,Full Season,1428.0,2022-06-25,0.75,39,730,264,183.25,2,1,1,0,0,0,0.7998,0.2002
109191,2022,Full Season,5253.0,2022-06-25,1.0,99,730,995,48.37,0,1,0,0,0,0,0.6416,0.3584
109214,2022,Full Season,1575.9,2022-06-25,0.69,162,1095,1089,38.79,0,1,1,0,0,1,0.3558,0.6442
109355,2022,Flex Plan,620.0,2022-06-25,0.0,15,0,33,18.51,0,0,0,0,0,0,0.9408,0.0592
109428,2022,Full Season,2276.3,2022-06-25,0.94,31,730,964,22.4,0,1,0,0,0,0,0.7526,0.2474
109454,2022,Full Season,1050.6,1970-01-01,0.0,161,1095,1049,44.96,0,0,0,1,0,1,0.3605,0.6395
109486,2022,Full Season,6128.5,2022-02-26,0.13,162,1095,1105,59.13,7,0,0,1,0,1,0.474,0.526
109604,2022,Full Season,6128.5,2022-04-24,0.31,162,730,954,18.62,3,0,1,1,0,0,0.6779,0.3221
109755,2022,Full Season,4488.0,2022-05-22,0.38,17,0,242,21.65,1,1,0,1,0,0,0.8708,0.1292
109774,2022,Full Season,653.3,1970-01-01,0.0,162,1095,922,32.55,0,0,0,1,0,0,0.6026,0.3974
109792,2022,Full Season,1926.1,1970-01-01,0.0,162,1095,984,76.98,0,0,0,1,0,1,0.4074,0.5926
109834,2022,Full Season,1225.7,1970-01-01,0.0,162,730,959,12.29,0,0,0,1,0,0,0.5114,0.4886
109840,2022,Full Season,1424.74,1970-01-01,0.0,2,1095,1078,47.74,0,0,0,1,0,0,0.6074,0.3926
109907,2022,Full Season,1575.9,2022-06-25,0.75,162,1095,731,11.08,2,1,1,0,0,0,0.6332,0.3668
109969,2022,Full Season,247.42,1970-01-01,0.0,162,1095,869,26.68,0,0,0,1,0,0,0.6595,0.3405
110100,2022,Full Season,4250.0,2022-05-14,0.63,88,730,1004,50.84,2,1,1,0,0,0,0.8507,0.1493
110179,2022,Full Season,1020.0,2022-06-25,0.81,100,1095,1059,17.84,0,1,0,0,0,0,0.5755,0.4245
110287,2022,Full Season,7004.0,2022-06-25,0.94,18,1095,1110,25.94,0,1,0,0,0,0,0.7641,0.2359
110295,2022,Full Season,2276.3,2022-05-22,0.69,162,1095,1040,17.91,1,2,0,0,0,0,0.6595,0.3405
110644,2022,Full Season,3852.2,2022-03-12,0.06,162,1095,997,48.37,6,1,0,1,0,1,0.2719,0.7281
110648,2022,Full Season,95.86,1970-01-01,0.0,159,730,815,38.79,0,0,0,1,0,0,0.709,0.291
110672,2022,Full Season,1050.6,2022-05-28,0.31,161,1095,949,48.26,0,0,0,1,0,0,0.7504,0.2496
110676,2022,Full Season,1575.9,2022-05-22,0.56,162,1095,1063,38.86,1,1,1,0,0,0,0.7154,0.2846
110754,2022,Full Season,1537.6,1970-01-01,0.0,157,1095,886,41.92,0,1,0,0,0,0,0.6015,0.3985
110781,2022,Full Season,6128.5,2022-06-25,0.31,101,1095,746,26.68,2,1,1,1,0,0,0.6716,0.3284
110968,2022,Full Season,1926.1,1970-01-01,0.0,162,730,949,1756.26,0,0,0,1,0,0,0.5087,0.4913
111021,2022,Full Season,1374.7,1970-01-01,0.0,3,0,137,10.7,0,1,0,0,0,0,0.8291,0.1709
111082,2022,Full Season,3414.45,2022-06-25,0.5,101,1095,1068,9.54,3,0,1,1,0,0,0.5413,0.4587
111476,2022,Full Season,875.5,2022-05-22,0.69,159,1095,1035,56.08,1,2,0,0,0,0,0.7387,0.2613
111528,2022,Full Season,437.75,1970-01-01,0.0,159,1095,961,29.7,0,0,0,1,0,0,0.6243,0.3757
111616,2022,Full Season,1400.8,1970-01-01,0.0,162,1095,971,63.09,0,0,0,1,0,1,0.4074,0.5926
111693,2022,Full Season,4768.5,2022-06-25,1.0,159,730,556,47.79,0,1,0,0,0,0,0.634,0.366
111813,2022,Full Season,1479.26,1970-01-01,0.0,162,730,845,47.79,0,0,0,1,0,0,0.5739,0.4261
111867,2022,Full Season,1050.6,2022-05-22,0.63,161,1095,1053,10.7,1,1,1,0,0,0,0.6878,0.3122
111973,2022,Full Season,2084.23,2022-05-22,0.38,47,0,272,5.68,1,3,1,0,0,0,0.8814,0.1186
112084,2022,Full Season,2128.34,2022-06-25,0.14,99,730,1010,50.84,0,0,0,1,0,0,0.6384,0.3616
112135,2022,Full Season,3151.8,1970-01-01,0.0,162,1095,1052,47.79,0,0,0,1,0,1,0.3096,0.6904
112239,2022,Flex Plan,2070.0,1970-01-01,0.0,101,1095,1089,30.51,0,0,0,0,0,0,0.5554,0.4446
112308,2022,Full Season,6128.5,1970-01-01,0.0,12,1095,1014,1712.01,0,0,0,1,0,1,0.4862,0.5138
112499,2022,Full Season,8755.0,2022-06-25,0.56,159,1095,1111,48.37,0,1,0,1,0,1,0.3016,0.6984
112886,2022,Full Season,4377.5,2022-05-28,0.5,159,1095,1107,8.11,0,4,0,0,0,0,0.8184,0.1816
112934,2022,Full Season,8755.0,2022-05-28,0.66,159,730,976,27.17,0,0,1,0,0,0,0.7486,0.2514
112968,2022,Full Season,6128.5,2022-06-25,0.81,162,1095,1111,2.83,0,2,0,0,0,1,0.275,0.725
113158,2022,Full Season,850.0,2022-06-25,0.38,119,1095,1062,41.44,3,0,0,2,0,0,0.5805,0.4195
113380,2022,Full Season,7879.5,2022-06-25,0.96,12,1095,1110,11.08,0,1,0,0,0,0,0.8019,0.1981
113586,2022,Full Season,836.8,2022-06-25,1.0,7,365,141,48.12,0,1,0,0,0,0,0.8033,0.1967
113603,2022,Full Season,2276.3,2022-06-25,0.63,102,1095,1069,3.97,2,2,1,0,0,1,0.4741,0.5259
113695,2022,Full Season,6128.5,2022-05-14,0.19,162,1095,1110,19.18,2,0,1,1,0,0,0.5863,0.4137
113715,2022,Full Season,3414.45,1970-01-01,0.0,162,1095,1038,11.45,0,0,0,1,0,1,0.2471,0.7529
113769,2022,Full Season,1926.1,2022-05-28,0.56,96,730,929,6.14,0,1,1,0,0,0,0.8398,0.1602
113846,2022,Flex Plan,134.0,1970-01-01,0.0,15,0,33,12.75,0,0,0,0,0,0,0.9414,0.0586
113907,2022,Full Season,5253.0,2022-06-25,0.88,159,1095,1108,19.18,0,1,0,0,0,1,0.3801,0.6199
114114,2022,Flex Plan,134.0,1970-01-01,0.0,15,0,33,149.03,0,0,0,0,0,0,0.9586,0.0414
114415,2022,Full Season,4552.6,2022-04-24,0.03,162,730,739,46.07,3,0,0,2,0,0,0.5942,0.4058
114520,2022,Full Season,1050.6,2022-06-25,0.5,161,1095,1052,46.25,3,0,1,1,0,1,0.3897,0.6103
114664,2022,Full Season,4927.32,2022-05-28,0.71,173,1095,1054,67.51,0,2,0,0,0,0,0.6203,0.3797
114840,2022,Full Season,437.75,1970-01-01,0.0,159,365,506,62.25,0,0,0,1,0,0,0.6601,0.3399
115221,2022,Full Season,2276.3,2022-06-25,0.63,162,1095,1109,52.45,1,2,1,0,0,1,0.397,0.603
115222,2022,Full Season,10506.0,2022-06-25,0.91,159,730,975,80.85,0,1,0,0,0,1,0.3608,0.6392
115240,2022,Full Season,1926.1,1970-01-01,0.0,4,1095,1102,0.0,0,0,0,1,0,0,0.5649,0.4351
115556,2022,Full Season,1926.1,2022-06-25,0.88,162,1095,1060,54.54,0,2,0,0,0,1,0.2763,0.7237
115812,2022,Full Season,18306.92,2022-06-25,0.67,18,0,173,0.0,0,0,0,0,0,0,0.8322,0.1678
115934,2022,Full Season,2276.3,2022-02-26,0.13,162,1095,976,46.25,7,0,0,1,0,0,0.5488,0.4512
116200,2022,Full Season,963.05,1970-01-01,0.0,162,730,999,44.68,0,0,0,1,0,1,0.3756,0.6244
116329,2022,Full Season,1575.9,1970-01-01,0.0,162,1095,1066,59.73,0,0,0,1,0,1,0.3768,0.6232
116364,2022,Full Season,425.0,2022-02-26,0.13,103,730,746,44.96,7,0,0,1,0,0,0.7206,0.2794
116366,2022,Full Season,2276.3,2022-04-24,0.13,162,1095,746,5.77,3,0,0,2,0,0,0.6688,0.3312
116382,2022,Full Season,3264.0,2022-06-25,0.81,46,730,951,35.1,1,2,0,0,0,0,0.7512,0.2488
116390,2022,Full Season,2276.3,2022-02-26,0.06,162,1095,998,11.98,7,0,0,1,0,0,0.5209,0.4791
116419,2022,Full Season,700.4,1970-01-01,0.0,162,1095,1005,62.69,0,0,0,1,0,1,0.4429,0.5571
116469,2022,Full Season,4377.5,2022-06-25,0.75,31,730,1004,17.0,0,0,0,1,0,0,0.6585,0.3415
116475,2022,Full Season,1904.0,2022-06-25,0.88,8,1095,421,50.09,0,2,0,0,0,0,0.7335,0.2665
116502,2022,Full Season,2423.38,2022-06-25,0.88,162,1095,1080,58.29,0,2,0,0,0,1,0.2794,0.7206
116510,2022,Full Season,4725.64,2022-05-28,0.21,10,1095,1108,10.46,0,0,1,1,0,0,0.9527,0.0473
116640,2022,Full Season,1020.0,2022-03-12,0.13,161,1095,1073,32.55,6,1,0,1,0,1,0.2878,0.7122
116747,2022,Full Season,7004.0,1970-01-01,0.0,162,365,556,46.51,0,0,0,1,0,1,0.4287,0.5713
116767,2022,Full Season,2276.3,2022-04-09,0.25,162,1095,1066,21.65,4,0,1,1,0,1,0.4839,0.5161
116894,2022,Flex Plan,200.0,2022-06-25,0.0,14,0,32,11.04,0,0,0,0,0,0,0.9482,0.0518
117130,2022,Full Season,2276.3,2022-05-28,0.38,99,1095,992,25.94,0,3,0,0,0,0,0.8564,0.1436
117358,2022,Full Season,2276.3,1970-01-01,0.0,162,730,942,5.68,0,0,0,1,0,1,0.4591,0.5409
117362,2022,Full Season,5253.0,1970-01-01,0.0,159,730,955,10.7,0,0,0,1,0,1,0.4956,0.5044
117408,2022,Flex Plan,134.0,2022-06-25,0.0,15,0,33,164.2,0,0,0,0,0,0,0.9813,0.0187
117618,2022,Full Season,5253.0,2022-06-25,0.81,98,730,992,66.1,0,1,0,0,0,0,0.6638,0.3362
117619,2022,Full Season,1556.28,1970-01-01,0.0,162,1095,1068,44.96,0,0,0,1,0,1,0.3605,0.6395
117666,2022,Full Season,2276.3,2022-06-25,1.0,25,1095,958,8.55,0,1,0,0,0,0,0.7788,0.2212
117806,2022,Full Season,1478.2,2022-05-22,0.71,176,730,965,29.7,1,2,0,0,0,0,0.7277,0.2723
117825,2022,Flex Plan,134.0,1970-01-01,0.0,15,0,33,1093.59,0,0,0,0,0,0,0.9583,0.0417
117902,2022,Full Season,437.75,1970-01-01,0.0,159,730,950,44.68,0,0,0,1,0,0,0.6504,0.3496
117985,2022,Full Season,2626.5,2022-05-28,0.38,159,1095,1103,26.81,0,0,1,1,0,0,0.7624,0.2376
118137,2022,Full Season,8755.0,2022-05-14,0.56,99,730,557,17.0,2,1,1,0,0,0,0.8276,0.1724
118474,2022,Full Season,1360.0,2022-05-22,0.13,162,1095,1091,44.96,1,1,0,1,0,0,0.6845,0.3155
118760,2022,Full Season,6128.5,2022-06-25,1.0,162,1095,1109,58.29,0,1,0,0,0,1,0.3611,0.6389
118764,2022,Full Season,12257.0,2022-04-09,0.38,162,730,747,46.25,4,1,0,1,0,0,0.7144,0.2856
118791,2022,Full Season,4377.5,1970-01-01,0.0,159,1095,1111,48.6,0,0,0,1,0,1,0.2738,0.7262
118808,2022,Full Season,563.96,1970-01-01,0.0,4,730,963,43.06,0,0,0,1,0,0,0.7171,0.2829
118930,2022,Full Season,278.94,2022-06-25,2.0,2,0,136,296.27,0,0,0,0,0,0,0.9572,0.0428
119057,2022,Full Season,1050.6,2022-03-12,0.25,81,1095,1094,46.07,6,0,0,1,0,1,0.4233,0.5767
119102,2022,Flex Plan,468.0,2022-06-25,0.0,15,0,33,3392.31,0,0,0,0,0,0,0.9636,0.0364
119126,2022,Full Season,13132.5,2022-05-14,0.25,159,730,960,164.2,2,0,1,1,0,0,0.7464,0.2536
119142,2022,Full Season,437.75,2022-04-24,0.13,159,1095,964,12.29,3,0,0,2,0,0,0.7237,0.2763
119290,2022,Flex Plan,1204.0,2022-05-28,0.88,3,1095,962,42.7,0,0,0,0,0,0,0.9636,0.0364
119303,2022,Full Season,437.75,1970-01-01,0.0,159,730,718,26.68,0,0,0,1,0,0,0.6585,0.3415
119392,2022,Full Season,875.5,2022-05-22,0.25,159,730,676,46.07,1,2,0,1,0,0,0.8227,0.1773
119413,2022,Full Season,20906.4,2022-05-22,0.63,45,730,747,17.84,1,2,0,0,0,0,0.909,0.091
119430,2022,Full Season,1870.0,2022-06-25,0.5,162,1095,1053,7.19,2,0,2,0,0,1,0.4166,0.5834
119502,2022,Full Season,6128.5,2022-06-25,0.31,162,1095,1109,157.69,3,0,1,1,0,1,0.4317,0.5683
119697,2022,Full Season,200.14,1970-01-01,0.0,159,730,275,33.91,0,0,1,0,0,0,0.7734,0.2266
119706,2022,Full Season,437.75,1970-01-01,0.0,159,1095,982,45.26,0,0,0,1,0,1,0.4992,0.5008
119728,2022,Full Season,1400.8,2022-03-12,0.25,162,730,961,65.22,6,0,0,1,0,0,0.5844,0.4156
119751,2022,Full Season,7004.0,2022-05-22,0.5,86,1095,1111,7.19,1,1,0,1,0,0,0.8228,0.1772
119920,2022,Full Season,2276.3,2022-06-25,0.69,162,1095,1094,48.37,0,3,0,0,0,1,0.343,0.657
120187,2022,Full Season,550.0,1970-01-01,0.0,162,1095,942,52.77,0,0,0,1,0,0,0.6015,0.3985
120353,2022,Full Season,875.5,2022-06-25,0.5,159,1095,1054,47.39,1,1,0,1,0,1,0.4102,0.5898
120788,2022,Full Season,2125.0,2022-06-25,0.75,100,1095,1061,23.21,0,3,0,0,0,0,0.5659,0.4341
120815,2022,Full Season,787.95,2022-06-25,0.88,162,1095,1061,11.08,0,2,0,0,0,1,0.2658,0.7342
120834,2022,Full Season,1575.9,2022-06-25,0.75,162,730,968,1085.02,0,1,1,0,0,0,0.6409,0.3591
120957,2022,Full Season,2312.0,2022-05-22,0.69,70,365,295,11.98,1,2,0,0,0,0,0.8198,0.1802
121099,2022,Full Season,1156.0,2022-02-26,0.06,62,365,287,973.93,7,0,0,1,0,0,0.6871,0.3129
121472,2022,Full Season,476.0,2022-05-22,0.75,7,0,232,23.14,1,2,0,0,0,0,0.9492,0.0508
122249,2022,Full Season,1632.0,1970-01-01,0.0,40,0,265,1754.89,0,0,0,1,0,0,0.8714,0.1286
122334,2022,Full Season,476.0,2022-06-25,0.88,34,0,259,337.96,1,2,0,0,0,0,0.9412,0.0588
122608,2022,Half Season,724.0,2022-06-25,1.33,2,0,201,1694.86,0,0,0,0,0,0,0.9535,0.0465
122864,2022,Full Season,816.0,2022-04-24,0.5,19,0,244,10.5,3,1,0,1,0,0,0.8552,0.1448
123236,2022,Full Season,803.18,2022-02-26,0.33,4,0,18,1098.54,1,1,0,0,0,0,0.919,0.081
123298,2022,Full Season,476.0,1970-01-01,0.0,1,0,226,42.31,0,0,0,1,0,0,0.8878,0.1122
123392,2022,Full Season,2710.8,2022-06-25,0.57,6,0,225,120.47,0,1,0,1,0,0,0.9109,0.0891
123482,2022,Full Season,128.18,2022-03-12,1.0,-5,0,-5,1558.35,0,0,0,0,0,0,0.9089,0.0911
123616,2022,Full Season,1009.18,2022-05-22,0.33,18,0,208,0.0,1,2,1,0,0,0,0.8866,0.1134
124317,2022,Flex Plan,1364.0,2022-05-14,1.0,46,1095,1112,0.0,0,0,0,0,0,0,0.891,0.109
124482,2022,Full Season,1575.9,2022-05-14,0.13,162,1095,1052,6.89,2,0,1,1,0,0,0.6057,0.3943
124538,2022,Full Season,5253.0,2022-05-28,0.69,159,1095,1102,8.55,0,1,0,0,0,0,0.7261,0.2739
124647,2022,Full Season,1785.92,2022-05-14,0.17,161,1095,1054,50.84,0,0,0,1,0,0,0.6334,0.3666
124671,2022,Full Season,1926.1,1970-01-01,0.0,162,1095,1025,827.9,0,0,0,1,0,1,0.3931,0.6069
125254,2022,Full Season,164.94,1970-01-01,0.0,161,730,445,17.84,0,0,0,1,0,0,0.6758,0.3242
125261,2022,Full Season,437.75,1970-01-01,0.0,159,730,674,51.41,0,0,0,1,0,0,0.666,0.334
125614,2022,Full Season,2254.58,2022-06-25,0.75,159,365,585,29.7,1,1,1,0,0,0,0.6622,0.3378
125622,2022,Full Season,3852.2,2022-04-24,0.31,39,365,580,41.92,3,0,1,1,0,0,0.8268,0.1732
125640,2022,Full Season,1575.9,1970-01-01,0.0,162,365,570,46.25,0,0,0,1,0,0,0.502,0.498
125716,2022,Full Season,5253.0,1970-01-01,0.0,159,365,520,0.0,0,0,0,1,0,1,0.429,0.571
127171,2022,Full Season,700.4,1970-01-01,0.0,162,365,507,21.19,0,0,0,1,0,0,0.5293,0.4707
127306,2022,Full Season,1575.9,2022-06-25,0.56,162,365,478,1892.08,0,2,1,0,0,0,0.7403,0.2597
127641,2022,Flex Plan,468.0,2022-06-25,0.0,15,365,33,87.69,0,0,0,0,0,0,0.8506,0.1494
128515,2022,Full Season,1400.8,2022-06-25,0.38,162,365,503,1.84,6,0,0,1,0,0,0.7374,0.2626
128538,2022,Full Season,4552.6,1970-01-01,0.0,162,365,501,13.37,0,0,0,1,0,1,0.4126,0.5874
130530,2022,Full Season,994.56,1970-01-01,0.0,176,365,278,34.74,0,0,0,1,0,1,0.477,0.523
130989,2022,Full Season,1632.0,2022-06-25,0.88,86,365,354,280.45,0,2,0,0,0,0,0.7184,0.2816
131133,2022,Full Season,5314.0,2022-06-25,0.75,19,365,418,58.29,1,1,1,0,0,0,0.8011,0.1989
131309,2022,Full Season,476.0,2022-06-25,0.88,58,365,414,53.53,0,2,0,0,0,0,0.7218,0.2782
131588,2022,Full Season,4420.0,2022-03-12,0.13,15,365,395,54.54,6,1,0,1,0,0,0.695,0.305
132140,2022,Full Season,2346.0,2022-06-25,0.75,81,365,356,47.39,1,3,0,0,0,0,0.7254,0.2746
132885,2022,Full Season,1173.0,2022-05-14,0.38,78,365,303,13.37,2,0,1,1,0,0,0.8598,0.1402
133171,2022,Full Season,1156.0,2022-05-28,0.69,73,365,298,17.51,0,0,1,0,0,0,0.8364,0.1636
138370,2022,Full Season,1339.46,2022-06-25,1.0,14,365,225,305.24,0,1,0,0,0,0,0.7754,0.2246
139971,2022,Full Season,3677.1,2022-06-25,0.88,86,1095,1067,41.92,0,1,0,0,0,0,0.5966,0.4034
140656,2022,Full Season,446.49,2022-05-28,0.43,4,365,479,5.68,0,1,0,1,0,0,0.9439,0.0561
140698,2022,Full Season,437.75,2022-06-25,0.63,159,1095,1054,42.19,0,1,0,1,0,0,0.5038,0.4962
142149,2022,Full Season,1162.0,2022-05-22,0.38,16,730,984,42.31,1,2,0,1,0,0,0.8996,0.1004
144502,2022,Full Season,3064.25,2022-05-14,0.5,162,1095,1063,19.18,2,2,1,0,0,0,0.664,0.336
147867,2022,Full Season,476.0,2022-06-25,0.63,82,365,474,6.46,2,0,2,0,0,0,0.8969,0.1031
147894,2022,Full Season,437.75,2022-06-25,0.63,159,730,704,439.61,0,0,0,1,0,0,0.7722,0.2278
150409,2022,Full Season,3414.45,2022-05-28,0.54,31,730,958,29.35,0,3,0,0,0,0,0.8801,0.1199
154413,2022,Full Season,4552.6,2022-06-25,0.75,162,1095,1068,28.66,1,2,0,0,0,1,0.3327,0.6673
156830,2022,Full Season,2101.2,2022-06-25,1.0,162,730,713,51.41,0,1,0,0,0,0,0.5538,0.4462
160501,2022,Full Season,2346.0,2022-03-12,0.25,66,1095,1111,25.16,6,0,0,1,0,1,0.4041,0.5959
162934,2022,Full Season,10506.0,2022-06-25,0.75,159,1095,1110,12.75,0,1,1,0,0,1,0.2915,0.7085
163696,2022,Full Season,875.5,1970-01-01,0.0,159,730,740,16.19,0,0,0,1,0,0,0.5985,0.4015
197021,2022,Full Season,10506.0,2022-06-25,0.47,159,1095,1109,4106.84,1,2,0,1,0,1,0.457,0.543
201888,2022,Full Season,1575.9,2022-06-25,0.88,101,1095,1076,10.85,0,2,0,0,0,1,0.4903,0.5097
202173,2022,Full Season,2276.3,2022-06-25,0.5,96,1095,1061,175.14,2,0,1,1,0,0,0.6514,0.3486
205761,2022,Full Season,850.0,2022-06-25,0.69,86,365,311,11.45,1,3,0,0,0,0,0.7418,0.2582
208184,2022,Full Season,2009.19,2022-06-25,0.29,13,0,224,26.75,6,0,0,1,0,0,0.8898,0.1102
209989,2022,Full Season,6828.9,2022-06-25,0.42,162,1095,1091,10.7,0,1,0,1,0,1,0.4442,0.5558
210192,2022,Full Season,6128.5,2022-06-25,0.63,102,1095,1111,58.32,1,4,0,0,0,0,0.6791,0.3209
210991,2022,Full Season,18306.92,2022-05-28,1.0,18,0,172,1.84,0,0,0,0,0,0,0.9029,0.0971
213015,2022,Full Season,5253.0,2022-06-25,1.0,159,1095,1111,29.7,0,1,0,0,0,1,0.3946,0.6054
218353,2022,Full Season,2065.4,2022-06-25,0.95,162,730,718,53.53,0,1,0,0,0,0,0.5723,0.4277
221414,2022,Full Season,4552.6,2022-06-25,0.72,162,1095,1087,49.08,1,2,0,0,0,1,0.3362,0.6638
228563,2022,Full Season,2101.2,2022-05-28,0.38,100,1095,1053,0.0,0,0,0,1,0,0,0.8403,0.1597
233570,2022,Full Season,1575.9,2022-06-25,0.88,80,1095,1053,23.21,0,2,0,0,0,1,0.4981,0.5019
235719,2022,Full Season,842.12,1970-01-01,0.0,16,0,122,11.36,0,0,0,0,0,0,0.8665,0.1335
235740,2022,Full Season,405.0,2022-04-24,1.0,0,365,59,50.84,0,0,0,0,0,0,0.7366,0.2634
238726,2022,Full Season,1912.72,2022-06-25,1.75,1,0,135,8.55,0,0,0,0,0,0,0.9206,0.0794
241919,2022,Full Season,3187.32,2022-06-25,1.5,5,0,145,56.49,0,0,0,0,0,0,0.9329,0.0671
244313,2022,Full Season,1575.9,2022-05-14,0.38,162,1095,1094,38.86,2,0,1,1,0,0,0.7051,0.2949
246898,2022,Full Season,2276.3,2022-06-25,1.0,162,1095,1087,18.51,0,1,0,0,0,1,0.2853,0.7147
